Peptide,-10lgP,Mass,Length,ppm,m/z,RT,Area,Fraction,Scan,Source File,Accession,PTM,AScore
SYELPDGQVITIGNER,56.52,1789.8846,16,0.3,895.9498,34.39,3.93E8,3,11658,AK-181.raw,odontosyllis_best|TRINITY_DN44444_c3_g1_i3:odontosyllis_best|TRINITY_DN44444_c3_g2_i1:odontosyllis_best|TRINITY_DN47012_c9_g1_i7,,
SYELPDGQVITIGNER,55.21,1789.8846,16,-0.9,895.9488,32.58,2.64E6,3,10862,AK-181.raw,odontosyllis_best|TRINITY_DN44444_c3_g1_i3:odontosyllis_best|TRINITY_DN44444_c3_g2_i1:odontosyllis_best|TRINITY_DN47012_c9_g1_i7,,
SYELPDGQVITIGNER,49.90,1789.8846,16,0.7,895.9502,35.41,,3,12101,AK-181.raw,odontosyllis_best|TRINITY_DN44444_c3_g1_i3:odontosyllis_best|TRINITY_DN44444_c3_g2_i1:odontosyllis_best|TRINITY_DN47012_c9_g1_i7,,
SYELPDGQVITIGNER,49.29,1789.8846,16,0.0,895.9496,34.89,3.93E8,3,11890,AK-181.raw,odontosyllis_best|TRINITY_DN44444_c3_g1_i3:odontosyllis_best|TRINITY_DN44444_c3_g2_i1:odontosyllis_best|TRINITY_DN47012_c9_g1_i7,,
SYELPDGQVITIGNER,44.93,1789.8846,16,0.3,895.9498,33.08,2.47E7,3,11093,AK-181.raw,odontosyllis_best|TRINITY_DN44444_c3_g1_i3:odontosyllis_best|TRINITY_DN44444_c3_g2_i1:odontosyllis_best|TRINITY_DN47012_c9_g1_i7,,
SYELPDGQVITIGNER,44.82,1789.8846,16,-0.1,597.6354,33.10,1.17E7,3,11102,AK-181.raw,odontosyllis_best|TRINITY_DN44444_c3_g1_i3:odontosyllis_best|TRINITY_DN44444_c3_g2_i1:odontosyllis_best|TRINITY_DN47012_c9_g1_i7,,
SYELPDGQVITIGNER,44.54,1789.8846,16,0.0,597.6355,34.91,1.39E8,3,11897,AK-181.raw,odontosyllis_best|TRINITY_DN44444_c3_g1_i3:odontosyllis_best|TRINITY_DN44444_c3_g2_i1:odontosyllis_best|TRINITY_DN47012_c9_g1_i7,,
SYELPDGQVITIGNER,42.19,1789.8846,16,0.9,895.9504,36.96,2.65E6,3,12753,AK-181.raw,odontosyllis_best|TRINITY_DN44444_c3_g1_i3:odontosyllis_best|TRINITY_DN44444_c3_g2_i1:odontosyllis_best|TRINITY_DN47012_c9_g1_i7,,
SYELPDGQVITIGNER,38.86,1789.8846,16,3.4,895.9526,35.44,2.65E6,3,12118,AK-181.raw,odontosyllis_best|TRINITY_DN44444_c3_g1_i3:odontosyllis_best|TRINITY_DN44444_c3_g2_i1:odontosyllis_best|TRINITY_DN47012_c9_g1_i7,,
SYELPDGQVITIGNER,38.66,1789.8846,16,0.3,597.6357,32.59,1.73E6,3,10869,AK-181.raw,odontosyllis_best|TRINITY_DN44444_c3_g1_i3:odontosyllis_best|TRINITY_DN44444_c3_g2_i1:odontosyllis_best|TRINITY_DN47012_c9_g1_i7,,
SYELPDGQVITIGNER,35.69,1789.8846,16,0.2,597.6356,34.41,1.39E8,3,11666,AK-181.raw,odontosyllis_best|TRINITY_DN44444_c3_g1_i3:odontosyllis_best|TRINITY_DN44444_c3_g2_i1:odontosyllis_best|TRINITY_DN47012_c9_g1_i7,,
SYELPDGQVITIGNER,35.28,1789.8846,16,0.6,597.6359,35.44,3.67E4,3,12119,AK-181.raw,odontosyllis_best|TRINITY_DN44444_c3_g1_i3:odontosyllis_best|TRINITY_DN44444_c3_g2_i1:odontosyllis_best|TRINITY_DN47012_c9_g1_i7,,
SYELPDGQVITIGNER,34.83,1789.8846,16,-0.2,895.9495,33.64,,3,11329,AK-181.raw,odontosyllis_best|TRINITY_DN44444_c3_g1_i3:odontosyllis_best|TRINITY_DN44444_c3_g2_i1:odontosyllis_best|TRINITY_DN47012_c9_g1_i7,,
SYELPDGQVITIGNER,34.47,1789.8846,16,0.8,895.9503,36.45,2.65E6,3,12541,AK-181.raw,odontosyllis_best|TRINITY_DN44444_c3_g1_i3:odontosyllis_best|TRINITY_DN44444_c3_g2_i1:odontosyllis_best|TRINITY_DN47012_c9_g1_i7,,
LLLGTDSPALAQNR,55.24,1467.8044,14,-1.5,734.9084,28.22,2.44E5,3,8792,AK-181.raw,odontosyllis_best|TRINITY_DN44733_c12_g1_i5:odontosyllis_best|TRINITY_DN44733_c12_g1_i1,,
VAPEEHPVLLTEAPLNPK,47.08,1953.0570,18,5.3,652.0297,27.03,1.75E9,3,8214,AK-181.raw,odontosyllis_best|TRINITY_DN44444_c3_g1_i3:odontosyllis_best|TRINITY_DN44444_c3_g2_i1:odontosyllis_best|TRINITY_DN47012_c9_g1_i7,,
VAPEEHPVLLTEAPLNPK,46.43,1953.0570,18,1.3,652.0271,27.66,,3,8517,AK-181.raw,odontosyllis_best|TRINITY_DN44444_c3_g1_i3:odontosyllis_best|TRINITY_DN44444_c3_g2_i1:odontosyllis_best|TRINITY_DN47012_c9_g1_i7,,
VAPEEHPVLLTEAPLNPK,41.96,1953.0570,18,0.3,652.0265,29.18,,3,9233,AK-181.raw,odontosyllis_best|TRINITY_DN44444_c3_g1_i3:odontosyllis_best|TRINITY_DN44444_c3_g2_i1:odontosyllis_best|TRINITY_DN47012_c9_g1_i7,,
VAPEEHPVLLTEAPLNPK,40.23,1953.0570,18,-1.2,652.0255,28.67,,3,9009,AK-181.raw,odontosyllis_best|TRINITY_DN44444_c3_g1_i3:odontosyllis_best|TRINITY_DN44444_c3_g2_i1:odontosyllis_best|TRINITY_DN47012_c9_g1_i7,,
VAPEEHPVLLTEAPLNPK,39.62,1953.0570,18,-2.8,652.0245,28.16,,3,8764,AK-181.raw,odontosyllis_best|TRINITY_DN44444_c3_g1_i3:odontosyllis_best|TRINITY_DN44444_c3_g2_i1:odontosyllis_best|TRINITY_DN47012_c9_g1_i7,,
VAPEEHPVLLTEAPLNPK,31.70,1953.0570,18,2.7,652.0280,29.69,,3,9481,AK-181.raw,odontosyllis_best|TRINITY_DN44444_c3_g1_i3:odontosyllis_best|TRINITY_DN44444_c3_g2_i1:odontosyllis_best|TRINITY_DN47012_c9_g1_i7,,
VAPEEHPVLLTEAPLNPK,28.86,1953.0570,18,4.8,977.5405,26.95,6.46E7,3,8173,AK-181.raw,odontosyllis_best|TRINITY_DN44444_c3_g1_i3:odontosyllis_best|TRINITY_DN44444_c3_g2_i1:odontosyllis_best|TRINITY_DN47012_c9_g1_i7,,
VAPEEHPVLLTEAPLNPK,27.60,1953.0570,18,2.3,489.2727,26.97,4.25E6,3,8180,AK-181.raw,odontosyllis_best|TRINITY_DN44444_c3_g1_i3:odontosyllis_best|TRINITY_DN44444_c3_g2_i1:odontosyllis_best|TRINITY_DN47012_c9_g1_i7,,
TILGPTENIQSISR,46.61,1527.8257,14,-0.2,764.9200,27.84,1.14E7,3,8604,AK-181.raw,odontosyllis_best|TRINITY_DN43285_c4_g1_i1,,
TILGPTENIQSISR,40.38,1527.8257,14,0.5,510.2828,27.85,1.26E6,3,8606,AK-181.raw,odontosyllis_best|TRINITY_DN43285_c4_g1_i1,,
EITALAPPTMK,46.58,1170.6318,11,-1.2,391.2174,26.69,8.41E6,3,8043,AK-181.raw,odontosyllis_best|TRINITY_DN47012_c9_g1_i7,,
EITALAPPTMK,42.67,1170.6318,11,0.0,586.3232,26.89,4.14E8,3,8139,AK-181.raw,odontosyllis_best|TRINITY_DN47012_c9_g1_i7,,
EITALAPPTMK,42.28,1170.6318,11,1.2,586.3239,27.39,,3,8392,AK-181.raw,odontosyllis_best|TRINITY_DN47012_c9_g1_i7,,
EITALAPPTMK,34.79,1170.6318,11,0.4,586.3234,28.40,8.39E5,3,8881,AK-181.raw,odontosyllis_best|TRINITY_DN47012_c9_g1_i7,,
ELTALAPPTMK,46.58,1170.6318,11,-1.2,391.2174,26.69,8.41E6,3,8043,AK-181.raw,,,
ELTALAPPTMK,42.67,1170.6318,11,0.0,586.3232,26.89,4.14E8,3,8139,AK-181.raw,,,
ELTALAPPTMK,42.28,1170.6318,11,1.2,586.3239,27.39,,3,8392,AK-181.raw,,,
ELTALAPPTMK,34.79,1170.6318,11,0.4,586.3234,28.40,8.39E5,3,8881,AK-181.raw,,,
TFLVWINEEDHTR,46.46,1658.8053,13,-0.2,553.9423,32.23,1.56E6,3,10684,AK-181.raw,odontosyllis_best|TRINITY_DN42466_c0_g1_i1,,
TFLVWINEEDHTR,27.65,1658.8053,13,-0.7,830.4094,32.07,1.3E5,3,10605,AK-181.raw,odontosyllis_best|TRINITY_DN42466_c0_g1_i1,,
SYELPDGQVITIGN(+.98)ER,46.18,1790.8687,16,0.9,896.4424,35.95,3.18E6,3,12348,AK-181.raw,odontosyllis_best|TRINITY_DN44444_c3_g1_i3:odontosyllis_best|TRINITY_DN44444_c3_g2_i1:odontosyllis_best|TRINITY_DN47012_c9_g1_i7,Deamidation (NQ),N14:Deamidation (NQ):71.27
SYELPDGQVITIGN(+.98)ER,39.17,1790.8687,16,1.0,597.9641,35.95,1.44E6,3,12349,AK-181.raw,odontosyllis_best|TRINITY_DN44444_c3_g1_i3:odontosyllis_best|TRINITY_DN44444_c3_g2_i1:odontosyllis_best|TRINITY_DN47012_c9_g1_i7,Deamidation (NQ),N14:Deamidation (NQ):71.27
SYELPDGQVITIGN(+.98)ER,35.38,1790.8687,16,2.7,896.4440,37.47,2.3E6,3,12944,AK-181.raw,odontosyllis_best|TRINITY_DN44444_c3_g1_i3:odontosyllis_best|TRINITY_DN44444_c3_g2_i1:odontosyllis_best|TRINITY_DN47012_c9_g1_i7,Deamidation (NQ),N14:Deamidation (NQ):22.09
SYELPDGQVITIGN(+.98)ER,34.73,1790.8687,16,-0.4,597.9633,37.20,7.24E5,3,12844,AK-181.raw,odontosyllis_best|TRINITY_DN44444_c3_g1_i3:odontosyllis_best|TRINITY_DN44444_c3_g2_i1:odontosyllis_best|TRINITY_DN47012_c9_g1_i7,Deamidation (NQ),N14:Deamidation (NQ):56.47
HQGVMVGMGQK,45.86,1170.5638,11,2.8,391.1963,15.45,2.9E6,3,3280,AK-181.raw,odontosyllis_best|TRINITY_DN44444_c3_g1_i3:odontosyllis_best|TRINITY_DN44444_c3_g2_i1:odontosyllis_best|TRINITY_DN47012_c9_g1_i7,,
DLYANTVLSGGTTMYPGIADR,44.72,2214.0627,21,0.3,1108.0389,39.63,2.06E6,3,13757,AK-181.raw,odontosyllis_best|TRINITY_DN44444_c3_g1_i3:odontosyllis_best|TRINITY_DN44444_c3_g2_i1,,
IAC(+57.02)PGMDVILSPNK,43.48,1513.7633,14,-0.3,757.8887,30.85,1.21E6,3,10021,AK-181.raw,odontosyllis_best|TRINITY_DN41904_c0_g1_i3,Carbamidomethylation,C3:Carbamidomethylation:1000.00
IWHHTFYNELR,43.09,1514.7418,11,2.3,505.9224,20.44,1.26E8,3,5203,AK-181.raw,odontosyllis_best|TRINITY_DN44444_c3_g1_i3:odontosyllis_best|TRINITY_DN44444_c3_g2_i1:odontosyllis_best|TRINITY_DN47012_c9_g1_i7,,
IWHHTFYNELR,40.08,1514.7418,11,0.4,505.9214,20.94,1.26E8,3,5410,AK-181.raw,odontosyllis_best|TRINITY_DN44444_c3_g1_i3:odontosyllis_best|TRINITY_DN44444_c3_g2_i1:odontosyllis_best|TRINITY_DN47012_c9_g1_i7,,
IWHHTFYNELR,39.74,1514.7418,11,0.4,505.9214,21.96,,3,5831,AK-181.raw,odontosyllis_best|TRINITY_DN44444_c3_g1_i3:odontosyllis_best|TRINITY_DN44444_c3_g2_i1:odontosyllis_best|TRINITY_DN47012_c9_g1_i7,,
IWHHTFYNELR,37.31,1514.7418,11,0.6,505.9215,21.45,,3,5609,AK-181.raw,odontosyllis_best|TRINITY_DN44444_c3_g1_i3:odontosyllis_best|TRINITY_DN44444_c3_g2_i1:odontosyllis_best|TRINITY_DN47012_c9_g1_i7,,
IWHHTFYNELR,35.36,1514.7418,11,0.9,505.9217,23.39,4.02E5,3,6503,AK-181.raw,odontosyllis_best|TRINITY_DN44444_c3_g1_i3:odontosyllis_best|TRINITY_DN44444_c3_g2_i1:odontosyllis_best|TRINITY_DN47012_c9_g1_i7,,
IWHHTFYNELR,34.98,1514.7418,11,-0.3,758.3780,19.96,1.17E7,3,4987,AK-181.raw,odontosyllis_best|TRINITY_DN44444_c3_g1_i3:odontosyllis_best|TRINITY_DN44444_c3_g2_i1:odontosyllis_best|TRINITY_DN47012_c9_g1_i7,,
IWHHTFYNELR,31.25,1514.7418,11,-0.1,505.9212,25.02,4.08E5,3,7252,AK-181.raw,odontosyllis_best|TRINITY_DN44444_c3_g1_i3:odontosyllis_best|TRINITY_DN44444_c3_g2_i1:odontosyllis_best|TRINITY_DN47012_c9_g1_i7,,
IWHHTFYNELR,25.72,1514.7418,11,-0.8,379.6924,20.47,3.07E7,3,5218,AK-181.raw,odontosyllis_best|TRINITY_DN44444_c3_g1_i3:odontosyllis_best|TRINITY_DN44444_c3_g2_i1:odontosyllis_best|TRINITY_DN47012_c9_g1_i7,,
IWHHTFYNELR,24.76,1514.7418,11,0.1,758.3783,20.47,1.17E7,3,5216,AK-181.raw,odontosyllis_best|TRINITY_DN44444_c3_g1_i3:odontosyllis_best|TRINITY_DN44444_c3_g2_i1:odontosyllis_best|TRINITY_DN47012_c9_g1_i7,,
IWHHTFYNELR,24.30,1514.7418,11,-0.2,505.9211,19.94,1.26E8,3,4975,AK-181.raw,odontosyllis_best|TRINITY_DN44444_c3_g1_i3:odontosyllis_best|TRINITY_DN44444_c3_g2_i1:odontosyllis_best|TRINITY_DN47012_c9_g1_i7,,
LWHHTFYNELR,43.09,1514.7418,11,2.3,505.9224,20.44,1.26E8,3,5203,AK-181.raw,,,
LWHHTFYNELR,40.08,1514.7418,11,0.4,505.9214,20.94,1.26E8,3,5410,AK-181.raw,,,
LWHHTFYNELR,39.74,1514.7418,11,0.4,505.9214,21.96,,3,5831,AK-181.raw,,,
LWHHTFYNELR,37.31,1514.7418,11,0.6,505.9215,21.45,,3,5609,AK-181.raw,,,
LWHHTFYNELR,35.36,1514.7418,11,0.9,505.9217,23.39,4.02E5,3,6503,AK-181.raw,,,
LWHHTFYNELR,34.98,1514.7418,11,-0.3,758.3780,19.96,1.17E7,3,4987,AK-181.raw,,,
LWHHTFYNELR,31.25,1514.7418,11,-0.1,505.9212,25.02,4.08E5,3,7252,AK-181.raw,,,
LWHHTFYNELR,25.72,1514.7418,11,-0.8,379.6924,20.47,3.07E7,3,5218,AK-181.raw,,,
LWHHTFYNELR,24.76,1514.7418,11,0.1,758.3783,20.47,1.17E7,3,5216,AK-181.raw,,,
LWHHTFYNELR,24.30,1514.7418,11,-0.2,505.9211,19.94,1.26E8,3,4975,AK-181.raw,,,
Q(+.98)EYDESGPSIVHR,42.71,1516.6793,13,0.4,506.5673,18.29,2.98E5,3,4325,AK-181.raw,odontosyllis_best|TRINITY_DN44444_c3_g1_i3:odontosyllis_best|TRINITY_DN47012_c9_g1_i7,Deamidation (NQ),Q1:Deamidation (NQ):1000.00
AVFPSIVGRPR,42.38,1197.6981,11,0.0,400.2400,24.15,,3,6837,AK-181.raw,odontosyllis_best|TRINITY_DN44444_c3_g1_i3:odontosyllis_best|TRINITY_DN44444_c3_g2_i1,,
AVFPSIVGRPR,40.29,1197.6981,11,-0.5,400.2398,23.64,,3,6612,AK-181.raw,odontosyllis_best|TRINITY_DN44444_c3_g1_i3:odontosyllis_best|TRINITY_DN44444_c3_g2_i1,,
AVFPSIVGRPR,39.51,1197.6981,11,1.4,400.2405,23.14,1.04E9,3,6379,AK-181.raw,odontosyllis_best|TRINITY_DN44444_c3_g1_i3:odontosyllis_best|TRINITY_DN44444_c3_g2_i1,,
AVFPSIVGRPR,38.17,1197.6981,11,-0.1,599.8563,23.18,2.03E8,3,6398,AK-181.raw,odontosyllis_best|TRINITY_DN44444_c3_g1_i3:odontosyllis_best|TRINITY_DN44444_c3_g2_i1,,
AVFPSIVGRPR,34.04,1197.6981,11,-0.1,400.2399,25.29,,3,7377,AK-181.raw,odontosyllis_best|TRINITY_DN44444_c3_g1_i3:odontosyllis_best|TRINITY_DN44444_c3_g2_i1,,
DLYANTVLSGGTTM(+15.99)YPGIADR,40.95,2230.0576,21,1.6,1116.0378,36.58,4.08E6,3,12592,AK-181.raw,odontosyllis_best|TRINITY_DN44444_c3_g1_i3:odontosyllis_best|TRINITY_DN44444_c3_g2_i1,Oxidation (M),M14:Oxidation (M):1000.00
VVTEALASLDGEFK,40.80,1477.7664,14,-1.6,739.8893,34.57,1.65E6,3,11745,AK-181.raw,odontosyllis_best|TRINITY_DN42466_c0_g1_i1,,
VVTEALASLDGEFK,29.47,1477.7664,14,-0.5,493.5958,32.60,2.83E5,3,10875,AK-181.raw,odontosyllis_best|TRINITY_DN42466_c0_g1_i1,,
EITALAPATMK,40.45,1144.6162,11,0.3,573.3156,24.92,2.25E8,3,7208,AK-181.raw,odontosyllis_best|TRINITY_DN44444_c3_g1_i3:odontosyllis_best|TRINITY_DN44444_c3_g2_i1,,
VGNLTFVVNNPEHVAK,39.89,1736.9209,16,-0.9,579.9804,24.84,3E5,3,7167,AK-181.raw,odontosyllis_best|TRINITY_DN44733_c12_g1_i5:odontosyllis_best|TRINITY_DN44733_c12_g1_i1,,
LQGGDDLDGNYVLSSR,39.74,1707.8064,16,0.7,570.2765,27.71,5.36E5,3,8537,AK-181.raw,odontosyllis_best|TRINITY_DN42466_c0_g1_i1,,
LQGGDDLDGNYVLSSR,33.01,1707.8064,16,0.2,854.9106,27.64,2.6E6,3,8506,AK-181.raw,odontosyllis_best|TRINITY_DN42466_c0_g1_i1,,
LQGGDDLDGNYVLSSR,32.15,1707.8064,16,0.4,854.9108,28.14,,3,8754,AK-181.raw,odontosyllis_best|TRINITY_DN42466_c0_g1_i1,,
EHALLAYTLGVK,39.65,1313.7343,12,0.6,438.9190,27.25,4.49E4,3,8325,AK-181.raw,odontosyllis_best|TRINITY_DN46348_c4_g3_i1,,
YQGPTIPVR,39.08,1029.5607,9,-0.6,515.7873,21.80,4.25E5,3,5766,AK-181.raw,odontosyllis_best|TRINITY_DN41904_c0_g1_i1:odontosyllis_best|TRINITY_DN47034_c9_g1_i2:odontosyllis_best|TRINITY_DN47034_c9_g1_i9,,
WDTAAPEAILHAAGGK,39.03,1606.8103,16,0.7,536.6111,30.60,2.32E6,3,9913,AK-181.raw,odontosyllis_best|TRINITY_DN10215_c0_g1_i1,,
LVQNC(+57.02)LWTLR,38.75,1301.6914,10,0.4,651.8532,31.17,,3,10171,AK-181.raw,odontosyllis_best|TRINITY_DN44194_c3_g1_i4:odontosyllis_best|TRINITY_DN44194_c3_g1_i5:odontosyllis_best|TRINITY_DN44194_c3_g1_i9:odontosyllis_best|TRINITY_DN44194_c3_g1_i10:odontosyllis_best|TRINITY_DN44194_c3_g1_i11:odontosyllis_best|TRINITY_DN44194_c3_g1_i7:odontosyllis_best|TRINITY_DN44194_c3_g1_i3:odontosyllis_best|TRINITY_DN44194_c3_g1_i12:odontosyllis_best|TRINITY_DN44194_c3_g1_i1:odontosyllis_best|TRINITY_DN44194_c3_g1_i6:odontosyllis_best|TRINITY_DN44194_c3_g1_i8:odontosyllis_best|TRINITY_DN44194_c3_g1_i13,Carbamidomethylation,C5:Carbamidomethylation:1000.00
VTEQVLAFQYK,38.73,1324.7026,11,-1.5,663.3576,28.33,3.49E5,3,8846,AK-181.raw,odontosyllis_best|TRINITY_DN41934_c2_g3_i1:odontosyllis_best|TRINITY_DN41934_c2_g3_i2,,
EITALAPATM(+15.99)K,38.36,1160.6111,11,0.2,581.3129,23.86,4.1E7,3,6707,AK-181.raw,odontosyllis_best|TRINITY_DN44444_c3_g1_i3:odontosyllis_best|TRINITY_DN44444_c3_g2_i1,Oxidation (M),M10:Oxidation (M):1000.00
EITALAPATM(+15.99)K,38.03,1160.6111,11,0.9,581.3134,23.35,4.1E7,3,6485,AK-181.raw,odontosyllis_best|TRINITY_DN44444_c3_g1_i3:odontosyllis_best|TRINITY_DN44444_c3_g2_i1,Oxidation (M),M10:Oxidation (M):1000.00
EITALAPATM(+15.99)K,38.03,1160.6111,11,0.2,581.3129,22.33,4.1E7,3,6003,AK-181.raw,odontosyllis_best|TRINITY_DN44444_c3_g1_i3:odontosyllis_best|TRINITY_DN44444_c3_g2_i1,Oxidation (M),M10:Oxidation (M):1000.00
EITALAPATM(+15.99)K,37.72,1160.6111,11,-0.4,581.3126,22.85,4.1E7,3,6233,AK-181.raw,odontosyllis_best|TRINITY_DN44444_c3_g1_i3:odontosyllis_best|TRINITY_DN44444_c3_g2_i1,Oxidation (M),M10:Oxidation (M):1000.00
EITALAPATM(+15.99)K,36.87,1160.6111,11,-0.1,581.3127,21.83,4.1E7,3,5781,AK-181.raw,odontosyllis_best|TRINITY_DN44444_c3_g1_i3:odontosyllis_best|TRINITY_DN44444_c3_g2_i1,Oxidation (M),M10:Oxidation (M):1000.00
EITALAPATM(+15.99)K,30.36,1160.6111,11,0.1,581.3129,21.32,4.1E7,3,5558,AK-181.raw,odontosyllis_best|TRINITY_DN44444_c3_g1_i3:odontosyllis_best|TRINITY_DN44444_c3_g2_i1,Oxidation (M),M10:Oxidation (M):1000.00
NVLFAHLDDSER,38.00,1414.6841,12,3.3,708.3517,24.84,3.17E5,3,7168,AK-181.raw,odontosyllis_best|TRINITY_DN42321_c2_g1_i3:odontosyllis_best|TRINITY_DN42321_c2_g1_i4:odontosyllis_best|TRINITY_DN42321_c2_g1_i16:odontosyllis_best|TRINITY_DN42321_c2_g1_i18:odontosyllis_best|TRINITY_DN42321_c2_g1_i13:odontosyllis_best|TRINITY_DN42321_c2_g1_i15:odontosyllis_best|TRINITY_DN42321_c2_g1_i19:odontosyllis_best|TRINITY_DN42321_c2_g1_i7:odontosyllis_best|TRINITY_DN42321_c2_g1_i1:odontosyllis_best|TRINITY_DN42321_c2_g1_i8:odontosyllis_best|TRINITY_DN42321_c2_g1_i11:odontosyllis_best|TRINITY_DN42321_c2_g1_i20,,
SVEDWVNAR,37.97,1074.5094,9,-0.4,538.2618,25.31,1.37E6,3,7386,AK-181.raw,odontosyllis_best|TRINITY_DN41904_c0_g1_i1,,
AHAYVFASPGC(+57.02)K,37.97,1306.6128,12,0.0,436.5449,17.54,,3,4032,AK-181.raw,odontosyllis_best|TRINITY_DN10215_c0_g1_i1,Carbamidomethylation,C11:Carbamidomethylation:1000.00
SGMYWMR,37.16,929.3888,7,0.0,465.7017,24.85,6.97E5,3,7174,AK-181.raw,odontosyllis_best|TRINITY_DN43285_c4_g1_i1,,
AGFAGDDAPR,36.91,975.4410,10,-1.9,488.7268,16.17,7.06E6,3,3531,AK-181.raw,odontosyllis_best|TRINITY_DN44444_c3_g1_i3:odontosyllis_best|TRINITY_DN44444_c3_g2_i1,,
AGFAGDDAPR,25.74,975.4410,10,-1.3,488.7271,16.67,1.81E5,3,3711,AK-181.raw,odontosyllis_best|TRINITY_DN44444_c3_g1_i3:odontosyllis_best|TRINITY_DN44444_c3_g2_i1,,
LIVSPYYPIK,36.90,1191.6903,10,0.4,596.8527,31.11,1.04E6,3,10143,AK-181.raw,odontosyllis_best|TRINITY_DN44735_c5_g1_i1:odontosyllis_best|TRINITY_DN44735_c5_g1_i2,,
LLTYSLYR,36.68,1027.5702,8,0.2,514.7925,27.43,1.85E6,3,8410,AK-181.raw,odontosyllis_best|TRINITY_DN76983_c0_g1_i1,,
EHPVLLTEAPLNPK,36.55,1556.8562,14,1.5,519.9601,24.85,2.67E5,3,7175,AK-181.raw,odontosyllis_best|TRINITY_DN44444_c3_g1_i3:odontosyllis_best|TRINITY_DN44444_c3_g2_i1:odontosyllis_best|TRINITY_DN47012_c9_g1_i7,,
NHLLYFLSK,36.26,1133.6233,9,-0.6,378.8815,27.23,1.44E5,3,8310,AK-181.raw,odontosyllis_best|TRINITY_DN43505_c5_g1_i4:odontosyllis_best|TRINITY_DN43505_c5_g1_i8:odontosyllis_best|TRINITY_DN43505_c5_g1_i3,,
TVLSGGTTM(+15.99)YPGIADR,36.26,1653.8032,16,4.5,827.9126,25.56,9.98E4,3,7512,AK-181.raw,odontosyllis_best|TRINITY_DN44444_c3_g1_i3:odontosyllis_best|TRINITY_DN44444_c3_g2_i1,Oxidation (M),M9:Oxidation (M):1000.00
EITALAPPTM(+15.99)K,36.06,1186.6267,11,0.9,594.3212,24.06,7.47E7,3,6796,AK-181.raw,odontosyllis_best|TRINITY_DN47012_c9_g1_i7,Oxidation (M),M10:Oxidation (M):1000.00
EITALAPPTM(+15.99)K,34.73,1186.6267,11,0.9,594.3212,26.08,7.47E7,3,7757,AK-181.raw,odontosyllis_best|TRINITY_DN47012_c9_g1_i7,Oxidation (M),M10:Oxidation (M):1000.00
EITALAPPTM(+15.99)K,34.70,1186.6267,11,-1.3,594.3199,24.57,7.47E7,3,7035,AK-181.raw,odontosyllis_best|TRINITY_DN47012_c9_g1_i7,Oxidation (M),M10:Oxidation (M):1000.00
EITALAPPTM(+15.99)K,32.82,1186.6267,11,0.3,594.3208,25.58,7.47E7,3,7522,AK-181.raw,odontosyllis_best|TRINITY_DN47012_c9_g1_i7,Oxidation (M),M10:Oxidation (M):1000.00
EITALAPPTM(+15.99)K,28.96,1186.6267,11,0.5,594.3209,25.07,7.47E7,3,7278,AK-181.raw,odontosyllis_best|TRINITY_DN47012_c9_g1_i7,Oxidation (M),M10:Oxidation (M):1000.00
EITALAPPTM(+15.99)K,27.33,1186.6267,11,1.7,594.3217,23.55,7.47E7,3,6574,AK-181.raw,odontosyllis_best|TRINITY_DN47012_c9_g1_i7,Oxidation (M),M10:Oxidation (M):1000.00
EITALAPPTM(+15.99)K,26.68,1186.6267,11,-0.7,594.3202,26.59,7.47E7,3,7994,AK-181.raw,odontosyllis_best|TRINITY_DN47012_c9_g1_i7,Oxidation (M),M10:Oxidation (M):1000.00
ELTALAPPTM(+15.99)K,36.06,1186.6267,11,0.9,594.3212,24.06,7.47E7,3,6796,AK-181.raw,,Oxidation (M),M10:Oxidation (M):1000.00
ELTALAPPTM(+15.99)K,34.73,1186.6267,11,0.9,594.3212,26.08,7.47E7,3,7757,AK-181.raw,,Oxidation (M),M10:Oxidation (M):1000.00
ELTALAPPTM(+15.99)K,34.70,1186.6267,11,-1.3,594.3199,24.57,7.47E7,3,7035,AK-181.raw,,Oxidation (M),M10:Oxidation (M):1000.00
ELTALAPPTM(+15.99)K,32.82,1186.6267,11,0.3,594.3208,25.58,7.47E7,3,7522,AK-181.raw,,Oxidation (M),M10:Oxidation (M):1000.00
ELTALAPPTM(+15.99)K,28.96,1186.6267,11,0.5,594.3209,25.07,7.47E7,3,7278,AK-181.raw,,Oxidation (M),M10:Oxidation (M):1000.00
ELTALAPPTM(+15.99)K,27.33,1186.6267,11,1.7,594.3217,23.55,7.47E7,3,6574,AK-181.raw,,Oxidation (M),M10:Oxidation (M):1000.00
ELTALAPPTM(+15.99)K,26.68,1186.6267,11,-0.7,594.3202,26.59,7.47E7,3,7994,AK-181.raw,,Oxidation (M),M10:Oxidation (M):1000.00
QEYDESGPSIVHR,35.91,1515.6953,13,0.5,506.2393,17.64,1.88E7,3,4072,AK-181.raw,odontosyllis_best|TRINITY_DN44444_c3_g1_i3:odontosyllis_best|TRINITY_DN47012_c9_g1_i7,,
QEYDESGPSIVHR,35.14,1515.6953,13,0.2,758.8551,17.65,3.73E6,3,4076,AK-181.raw,odontosyllis_best|TRINITY_DN44444_c3_g1_i3:odontosyllis_best|TRINITY_DN47012_c9_g1_i7,,
NAPPVLISMR,35.88,1096.6063,10,1.3,549.3112,26.97,3.82E5,3,8183,AK-181.raw,odontosyllis_best|TRINITY_DN33838_c0_g1_i1,,
LTVQQMMQNK,35.81,1219.6053,10,-1.0,610.8093,24.13,1.5E6,3,6826,AK-181.raw,odontosyllis_best|TRINITY_DN41904_c0_g1_i1,,
SAELAPADYATYYC(+57.02)YK,34.88,1884.8240,16,1.0,943.4202,31.54,9.2E4,3,10347,AK-181.raw,odontosyllis_best|TRINITY_DN47034_c9_g1_i2:odontosyllis_best|TRINITY_DN47034_c9_g1_i9,Carbamidomethylation,C14:Carbamidomethylation:1000.00
DLVEYISSHYK,34.34,1352.6611,11,0.7,677.3383,32.23,2.98E6,3,10683,AK-181.raw,odontosyllis_best|TRINITY_DN43285_c4_g1_i1,,
IWHHTFYN(+.98)ELR,34.09,1515.7258,11,2.3,506.2504,22.46,2.17E6,3,6056,AK-181.raw,odontosyllis_best|TRINITY_DN44444_c3_g1_i3:odontosyllis_best|TRINITY_DN44444_c3_g2_i1:odontosyllis_best|TRINITY_DN47012_c9_g1_i7,Deamidation (NQ),N8:Deamidation (NQ):1000.00
IWHHTFYN(+.98)ELR,28.89,1515.7258,11,0.9,758.8708,21.56,1.35E5,3,5655,AK-181.raw,odontosyllis_best|TRINITY_DN44444_c3_g1_i3:odontosyllis_best|TRINITY_DN44444_c3_g2_i1:odontosyllis_best|TRINITY_DN47012_c9_g1_i7,Deamidation (NQ),N8:Deamidation (NQ):1000.00
LWHHTFYN(+.98)ELR,34.09,1515.7258,11,2.3,506.2504,22.46,2.17E6,3,6056,AK-181.raw,,Deamidation (NQ),N8:Deamidation (NQ):1000.00
LWHHTFYN(+.98)ELR,28.89,1515.7258,11,0.9,758.8708,21.56,1.35E5,3,5655,AK-181.raw,,Deamidation (NQ),N8:Deamidation (NQ):1000.00
VIQNLLSEPR,34.03,1167.6611,10,0.1,584.8379,24.95,2.06E6,3,7221,AK-181.raw,odontosyllis_best|TRINITY_DN45025_c5_g1_i1,,
GYIYTIGPLK,33.92,1123.6277,10,-2.0,562.8200,30.48,5.42E5,3,9859,AK-181.raw,odontosyllis_best|TRINITY_DN44651_c4_g1_i1:odontosyllis_best|TRINITY_DN44651_c4_g1_i8:odontosyllis_best|TRINITY_DN44651_c4_g1_i3:odontosyllis_best|TRINITY_DN44651_c4_g1_i2:odontosyllis_best|TRINITY_DN44651_c4_g1_i6,,
PEEHPVLLTEAPLN(+.98)PK,33.80,1783.9355,16,-8.5,595.6474,27.18,1.15E5,3,8290,AK-181.raw,odontosyllis_best|TRINITY_DN44444_c3_g1_i3:odontosyllis_best|TRINITY_DN44444_c3_g2_i1:odontosyllis_best|TRINITY_DN47012_c9_g1_i7,Deamidation (NQ),N14:Deamidation (NQ):1000.00
KDLYANTVLSGGTTMYPGIADR,33.69,2342.1577,22,0.5,781.7269,31.88,4.23E6,3,10509,AK-181.raw,odontosyllis_best|TRINITY_DN44444_c3_g1_i3:odontosyllis_best|TRINITY_DN44444_c3_g2_i1,,
RVPVSELDAR,33.63,1140.6251,10,-0.9,381.2153,16.73,8.91E4,3,3733,AK-181.raw,odontosyllis_best|TRINITY_DN43285_c4_g1_i1,,
HQGVMVGMGQ(+.98)K,33.52,1171.5479,11,-0.3,586.7810,15.88,1.83E5,3,3429,AK-181.raw,odontosyllis_best|TRINITY_DN44444_c3_g1_i3:odontosyllis_best|TRINITY_DN44444_c3_g2_i1:odontosyllis_best|TRINITY_DN47012_c9_g1_i7,Deamidation (NQ),Q10:Deamidation (NQ):46.32
AEVLGDLALK,33.50,1027.5913,10,0.1,514.8030,29.03,4.1E5,3,9164,AK-181.raw,odontosyllis_best|TRINITY_DN45713_c4_g1_i5:odontosyllis_best|TRINITY_DN45713_c4_g1_i4:odontosyllis_best|TRINITY_DN45713_c4_g1_i12,,
LC(+57.02)YVALDFEQEM(+15.99)ATAASSSSLEK,33.36,2565.1614,23,-2.3,856.0591,36.28,5.44E5,3,12479,AK-181.raw,odontosyllis_best|TRINITY_DN44444_c3_g1_i3:odontosyllis_best|TRINITY_DN44444_c3_g2_i1,Carbamidomethylation; Oxidation (M),C2:Carbamidomethylation:1000.00;M12:Oxidation (M):1000.00
DEVAALVVDNGSGMC(+57.02)K,33.29,1663.7545,16,-1.4,832.8834,30.39,6.24E5,3,9814,AK-181.raw,odontosyllis_best|TRINITY_DN44444_c3_g1_i3,Carbamidomethylation,C15:Carbamidomethylation:1000.00
LIDDHYLFR,32.93,1190.6084,9,-1.9,397.8760,27.02,1.33E6,3,8210,AK-181.raw,odontosyllis_best|TRINITY_DN44387_c5_g2_i1,,
AVDTVIDLTK,32.72,1073.5968,10,0.5,537.8060,27.25,3E5,3,8322,AK-181.raw,odontosyllis_best|TRINITY_DN43778_c4_g5_i2:odontosyllis_best|TRINITY_DN43778_c4_g5_i1,,
GYSFTTTAER,32.48,1131.5197,10,-0.5,566.7668,19.48,3.39E7,3,4769,AK-181.raw,odontosyllis_best|TRINITY_DN44444_c3_g1_i3:odontosyllis_best|TRINITY_DN44444_c3_g2_i1:odontosyllis_best|TRINITY_DN47012_c9_g1_i7,,
IDAMSAGLQDYAR,32.35,1409.6609,13,1.1,705.8385,28.27,1.44E6,3,8817,AK-181.raw,odontosyllis_best|TRINITY_DN36609_c0_g1_i1,,
FPAENDFPDLTK,32.17,1392.6561,12,-0.9,697.3347,32.15,4.72E5,3,10643,AK-181.raw,odontosyllis_best|TRINITY_DN40311_c4_g1_i2:odontosyllis_best|TRINITY_DN40311_c4_g1_i1:odontosyllis_best|TRINITY_DN40311_c4_g1_i3,,
DLTDYLMK,31.80,997.4790,8,0.4,499.7470,28.85,1.73E6,3,9088,AK-181.raw,odontosyllis_best|TRINITY_DN44444_c3_g1_i3:odontosyllis_best|TRINITY_DN44444_c3_g2_i1:odontosyllis_best|TRINITY_DN47012_c9_g1_i7,,
DLTDYLMK,28.43,997.4790,8,0.4,499.7470,38.06,,3,13179,AK-181.raw,odontosyllis_best|TRINITY_DN44444_c3_g1_i3:odontosyllis_best|TRINITY_DN44444_c3_g2_i1:odontosyllis_best|TRINITY_DN47012_c9_g1_i7,,
DLTDYLMK,26.64,997.4790,8,0.5,499.7470,34.12,2.11E6,3,11539,AK-181.raw,odontosyllis_best|TRINITY_DN44444_c3_g1_i3:odontosyllis_best|TRINITY_DN44444_c3_g2_i1:odontosyllis_best|TRINITY_DN47012_c9_g1_i7,,
DLTDYLMK,26.56,997.4790,8,-0.6,499.7465,37.55,,3,12983,AK-181.raw,odontosyllis_best|TRINITY_DN44444_c3_g1_i3:odontosyllis_best|TRINITY_DN44444_c3_g2_i1:odontosyllis_best|TRINITY_DN47012_c9_g1_i7,,
DLTDYLMK,26.15,997.4790,8,-0.6,499.7465,36.55,,3,12578,AK-181.raw,odontosyllis_best|TRINITY_DN44444_c3_g1_i3:odontosyllis_best|TRINITY_DN44444_c3_g2_i1:odontosyllis_best|TRINITY_DN47012_c9_g1_i7,,
DLTDYLMK,25.57,997.4790,8,3.2,499.7484,35.54,7.63E8,3,12164,AK-181.raw,odontosyllis_best|TRINITY_DN44444_c3_g1_i3:odontosyllis_best|TRINITY_DN44444_c3_g2_i1:odontosyllis_best|TRINITY_DN47012_c9_g1_i7,,
DLTDYLMK,24.09,997.4790,8,1.0,499.7473,39.07,,3,13557,AK-181.raw,odontosyllis_best|TRINITY_DN44444_c3_g1_i3:odontosyllis_best|TRINITY_DN44444_c3_g2_i1:odontosyllis_best|TRINITY_DN47012_c9_g1_i7,,
DLTDYLMK,23.48,997.4790,8,-0.3,499.7466,36.05,,3,12386,AK-181.raw,odontosyllis_best|TRINITY_DN44444_c3_g1_i3:odontosyllis_best|TRINITY_DN44444_c3_g2_i1:odontosyllis_best|TRINITY_DN47012_c9_g1_i7,,
DLTDYLMK,23.39,997.4790,8,-0.9,499.7463,37.05,,3,12789,AK-181.raw,odontosyllis_best|TRINITY_DN44444_c3_g1_i3:odontosyllis_best|TRINITY_DN44444_c3_g2_i1:odontosyllis_best|TRINITY_DN47012_c9_g1_i7,,
EIEWVDSAYR,31.75,1266.5880,10,0.7,634.3017,29.14,2.54E5,3,9213,AK-181.raw,odontosyllis_best|TRINITY_DN41712_c2_g4_i1:odontosyllis_best|TRINITY_DN41712_c2_g4_i2,,
SEQWWVGLMR,31.72,1290.6179,10,-0.1,646.3162,38.50,5.37E5,3,13345,AK-181.raw,odontosyllis_best|TRINITY_DN41904_c0_g1_i1,,
SEQWWVGIMR,31.72,1290.6179,10,-0.1,646.3162,38.50,5.37E5,3,13345,AK-181.raw,,,
ESTLHLVLR,31.71,1066.6135,9,0.0,534.3140,22.12,2.99E5,3,5908,AK-181.raw,,,
VFPSIVGRPR,31.58,1126.6610,10,-1.2,376.5605,22.97,4.29E4,3,6294,AK-181.raw,odontosyllis_best|TRINITY_DN44444_c3_g1_i3:odontosyllis_best|TRINITY_DN44444_c3_g2_i1:odontosyllis_best|TRINITY_DN47012_c9_g1_i7,,
VFPSIVGRPR,28.59,1126.6610,10,-1.1,564.3372,22.85,2.04E5,3,6236,AK-181.raw,odontosyllis_best|TRINITY_DN44444_c3_g1_i3:odontosyllis_best|TRINITY_DN44444_c3_g2_i1:odontosyllis_best|TRINITY_DN47012_c9_g1_i7,,
DLLDPVIDGR,31.46,1111.5873,10,-0.6,556.8006,35.14,8.83E6,3,11986,AK-181.raw,odontosyllis_best|TRINITY_DN42466_c0_g1_i1,,
DLLDPVIDGR,31.26,1111.5873,10,2.8,556.8025,34.63,8.83E6,3,11777,AK-181.raw,odontosyllis_best|TRINITY_DN42466_c0_g1_i1,,
SHGGGANLASQLAAK,31.28,1380.7109,15,-0.2,461.2441,17.03,2.47E5,3,3844,AK-181.raw,odontosyllis_best|TRINITY_DN43285_c4_g1_i1,,
LC(+57.02)SSVTEFEVQR,31.18,1453.6871,12,-1.4,727.8499,25.36,1.99E6,3,7412,AK-181.raw,odontosyllis_best|TRINITY_DN43285_c4_g1_i1,Carbamidomethylation,C2:Carbamidomethylation:1000.00
ALVPEYIK,31.01,931.5378,8,1.3,466.7768,25.10,6.74E5,3,7290,AK-181.raw,odontosyllis_best|TRINITY_DN43505_c5_g1_i4:odontosyllis_best|TRINITY_DN43505_c5_g1_i8:odontosyllis_best|TRINITY_DN43505_c5_g1_i3,,
AVFPSIVGRP,30.91,1041.5970,10,0.6,521.8061,28.92,7.81E5,3,9118,AK-181.raw,odontosyllis_best|TRINITY_DN44444_c3_g1_i3:odontosyllis_best|TRINITY_DN44444_c3_g2_i1,,
DGPIDFPQYK,30.89,1178.5608,10,1.0,590.2883,30.27,1.02E5,3,9755,AK-181.raw,odontosyllis_best|TRINITY_DN45378_c5_g1_i4,,
AVFPSIVGR,30.79,944.5443,9,1.8,473.2803,28.09,1.17E9,3,8728,AK-181.raw,odontosyllis_best|TRINITY_DN44444_c3_g1_i3:odontosyllis_best|TRINITY_DN44444_c3_g2_i1,,
AVFPSIVGR,28.27,944.5443,9,-2.0,473.2785,28.60,1.17E9,3,8971,AK-181.raw,odontosyllis_best|TRINITY_DN44444_c3_g1_i3:odontosyllis_best|TRINITY_DN44444_c3_g2_i1,,
AVFPSIVGR,27.07,944.5443,9,-0.2,473.2794,29.10,,3,9194,AK-181.raw,odontosyllis_best|TRINITY_DN44444_c3_g1_i3:odontosyllis_best|TRINITY_DN44444_c3_g2_i1,,
AVFPSIVGR,26.48,944.5443,9,0.8,473.2798,29.60,,3,9445,AK-181.raw,odontosyllis_best|TRINITY_DN44444_c3_g1_i3:odontosyllis_best|TRINITY_DN44444_c3_g2_i1,,
WFVLTPGK,30.78,946.5276,8,-0.7,474.2707,31.47,1.91E5,3,10312,AK-181.raw,odontosyllis_best|TRINITY_DN45378_c5_g1_i4,,
GIVTNWDDMEK,30.63,1306.5863,11,-0.8,654.2999,28.18,4.74E6,3,8774,AK-181.raw,odontosyllis_best|TRINITY_DN44444_c3_g1_i3:odontosyllis_best|TRINITY_DN44444_c3_g2_i1:odontosyllis_best|TRINITY_DN47012_c9_g1_i7,,
NFEAFVTSYTK,30.59,1305.6240,11,4.2,653.8220,31.78,4.96E5,3,10462,AK-181.raw,odontosyllis_best|TRINITY_DN44735_c5_g1_i1:odontosyllis_best|TRINITY_DN44735_c5_g1_i2,,
GLFIIDDK,30.28,919.5015,8,-0.4,460.7578,31.37,4.12E5,3,10264,AK-181.raw,odontosyllis_best|TRINITY_DN41666_c2_g1_i1:odontosyllis_best|TRINITY_DN41666_c2_g1_i2,,
GFIDQELSR,30.26,1063.5298,9,-2.2,532.7710,26.44,1.17E5,3,7919,AK-181.raw,odontosyllis_best|TRINITY_DN36138_c0_g1_i1,,
INAYFDGFK,30.14,1073.5182,9,-0.5,537.7661,28.52,2.05E6,3,8935,AK-181.raw,odontosyllis_best|TRINITY_DN45025_c5_g1_i1,,
VLGPC(+57.02)GDILK,29.96,1070.5793,10,-1.7,536.2960,25.62,6.45E5,3,7544,AK-181.raw,odontosyllis_best|TRINITY_DN42321_c2_g1_i3:odontosyllis_best|TRINITY_DN42321_c2_g1_i4:odontosyllis_best|TRINITY_DN42321_c2_g1_i16:odontosyllis_best|TRINITY_DN42321_c2_g1_i18:odontosyllis_best|TRINITY_DN42321_c2_g1_i13:odontosyllis_best|TRINITY_DN42321_c2_g1_i15:odontosyllis_best|TRINITY_DN42321_c2_g1_i19:odontosyllis_best|TRINITY_DN42321_c2_g1_i7:odontosyllis_best|TRINITY_DN42321_c2_g1_i1:odontosyllis_best|TRINITY_DN42321_c2_g1_i8:odontosyllis_best|TRINITY_DN42321_c2_g1_i11:odontosyllis_best|TRINITY_DN42321_c2_g1_i20,Carbamidomethylation,C5:Carbamidomethylation:1000.00
KDLYANTVLSGGSTMFPGIADR,29.83,2312.1470,22,1.5,771.7241,35.39,6.58E5,3,12094,AK-181.raw,odontosyllis_best|TRINITY_DN47012_c9_g1_i7,,
LVAASVSVSHR,29.48,1124.6301,11,-0.2,563.3222,15.99,6.8E4,3,3469,AK-181.raw,odontosyllis_best|TRINITY_DN72587_c0_g1_i1,,
VVDLLAPYAK,29.47,1087.6277,10,0.2,544.8212,30.79,2.23E5,3,9994,AK-181.raw,odontosyllis_best|TRINITY_DN41547_c4_g1_i1,,
VLGPC(+57.02)GDILKR,29.28,1226.6805,11,-0.8,409.9005,21.27,2.61E5,3,5538,AK-181.raw,odontosyllis_best|TRINITY_DN42321_c2_g1_i3:odontosyllis_best|TRINITY_DN42321_c2_g1_i4:odontosyllis_best|TRINITY_DN42321_c2_g1_i16:odontosyllis_best|TRINITY_DN42321_c2_g1_i18:odontosyllis_best|TRINITY_DN42321_c2_g1_i13:odontosyllis_best|TRINITY_DN42321_c2_g1_i15:odontosyllis_best|TRINITY_DN42321_c2_g1_i19:odontosyllis_best|TRINITY_DN42321_c2_g1_i7:odontosyllis_best|TRINITY_DN42321_c2_g1_i1:odontosyllis_best|TRINITY_DN42321_c2_g1_i8:odontosyllis_best|TRINITY_DN42321_c2_g1_i11:odontosyllis_best|TRINITY_DN42321_c2_g1_i20,Carbamidomethylation,C5:Carbamidomethylation:1000.00
NSGGVLAVPK,29.27,940.5342,10,0.1,471.2744,19.04,1.45E5,3,4616,AK-181.raw,odontosyllis_best|TRINITY_DN10215_c0_g1_i1,,
TVLSGGTTMYPGIADR,28.86,1637.8083,16,0.2,819.9116,28.69,4.97E6,3,9019,AK-181.raw,odontosyllis_best|TRINITY_DN44444_c3_g1_i3:odontosyllis_best|TRINITY_DN44444_c3_g2_i1,,
LATYC(+57.02)IER,28.81,1024.5011,8,0.1,513.2579,19.77,1.58E5,3,4895,AK-181.raw,odontosyllis_best|TRINITY_DN41904_c0_g1_i1:odontosyllis_best|TRINITY_DN41904_c0_g1_i3,Carbamidomethylation,C5:Carbamidomethylation:1000.00
ADQKPGFFGLK,28.79,1206.6396,11,-5.4,403.2183,22.88,1.01E5,3,6248,AK-181.raw,odontosyllis_best|TRINITY_DN35599_c0_g1_i2,,
C(+57.02)IMASLYK,28.69,984.4772,8,-0.4,493.2457,24.08,1.64E6,3,6805,AK-181.raw,odontosyllis_best|TRINITY_DN72587_c0_g1_i1,Carbamidomethylation,C1:Carbamidomethylation:1000.00
GNLDEPVADLIAHQR,28.67,1646.8376,15,0.6,549.9535,29.57,1.08E6,3,9428,AK-181.raw,odontosyllis_best|TRINITY_DN27005_c0_g1_i1,,
LLGMDLVR,28.64,915.5212,8,0.3,458.7680,32.01,2.64E6,3,10575,AK-181.raw,odontosyllis_best|TRINITY_DN36609_c0_g1_i1,,
GIHETSYNSIMK,28.63,1378.6550,12,-0.2,460.5589,18.11,1.63E5,3,4256,AK-181.raw,odontosyllis_best|TRINITY_DN44444_c3_g1_i3:odontosyllis_best|TRINITY_DN44444_c3_g2_i1:odontosyllis_best|TRINITY_DN47012_c9_g1_i7,,
IYDFYGK,28.61,904.4330,7,-0.1,453.2238,23.89,1.23E5,3,6719,AK-181.raw,odontosyllis_best|TRINITY_DN46034_c4_g1_i1:odontosyllis_best|TRINITY_DN46034_c4_g1_i2,,
LYDFYGK,28.61,904.4330,7,-0.1,453.2238,23.89,1.23E5,3,6719,AK-181.raw,,,
HQGVMVGM(+15.99)GQK,28.54,1186.5587,11,-1.1,396.5264,13.27,4.75E5,3,2541,AK-181.raw,odontosyllis_best|TRINITY_DN44444_c3_g1_i3:odontosyllis_best|TRINITY_DN44444_c3_g2_i1:odontosyllis_best|TRINITY_DN47012_c9_g1_i7,Oxidation (M),M8:Oxidation (M):22.45
IEIQTLVK,28.36,942.5750,8,-0.4,472.2946,25.99,5.92E5,3,7711,AK-181.raw,,,
IWQVPDGGLK,28.35,1111.6025,10,-0.9,556.8080,28.34,8.02E5,3,8850,AK-181.raw,odontosyllis_best|TRINITY_DN27005_c0_g1_i1,,
DLYANTVLSGGSTM(+15.99)FPGIADR,28.31,2200.0469,21,1.2,1101.0320,39.76,8.92E5,3,13804,AK-181.raw,odontosyllis_best|TRINITY_DN47012_c9_g1_i7,Oxidation (M),M14:Oxidation (M):1000.00
GVLSELTGR,28.19,930.5134,9,0.4,466.2642,27.43,1.14E5,3,8411,AK-181.raw,odontosyllis_best|TRINITY_DN44796_c1_g1_i1,,
DIPDELLYGR,28.12,1189.5979,10,-3.7,595.8040,35.72,1.29E5,3,12247,AK-181.raw,odontosyllis_best|TRINITY_DN42143_c7_g9_i2:odontosyllis_best|TRINITY_DN42143_c7_g9_i3,,
DLLAQLHR,28.12,964.5454,8,1.7,483.2808,24.62,1.28E5,3,7062,AK-181.raw,odontosyllis_best|TRINITY_DN36784_c0_g1_i1,,
DGNIFTTGFSR,28.03,1213.5728,11,-0.5,607.7933,32.26,1.29E6,3,10698,AK-181.raw,odontosyllis_best|TRINITY_DN33838_c0_g1_i1,,
HSLIYFGEVDC(+57.02)C(+57.02)EEK,27.64,1884.8022,15,-2.2,629.2733,27.59,2.1E5,3,8487,AK-181.raw,odontosyllis_best|TRINITY_DN44735_c5_g1_i1:odontosyllis_best|TRINITY_DN44735_c5_g1_i2,Carbamidomethylation,C11:Carbamidomethylation:1000.00;C12:Carbamidomethylation:1000.00
GSTMFPGIADR,27.62,1150.5441,11,-1.4,576.2785,27.20,2.92E5,3,8300,AK-181.raw,odontosyllis_best|TRINITY_DN47012_c9_g1_i7,,
LLVQMEK,27.17,859.4837,7,-0.2,430.7490,20.39,1.19E6,3,5183,AK-181.raw,odontosyllis_best|TRINITY_DN42466_c0_g1_i1,,
IIVQMEK,27.17,859.4837,7,-0.2,430.7490,20.39,1.19E6,3,5183,AK-181.raw,,,
LIVQMEK,27.17,859.4837,7,-0.2,430.7490,20.39,1.19E6,3,5183,AK-181.raw,,,
ILVQMEK,27.17,859.4837,7,-0.2,430.7490,20.39,1.19E6,3,5183,AK-181.raw,,,
IYLEFNK,27.02,925.4909,7,0.2,463.7528,25.56,2.75E5,3,7513,AK-181.raw,odontosyllis_best|TRINITY_DN34572_c0_g1_i3:odontosyllis_best|TRINITY_DN34572_c0_g1_i1:odontosyllis_best|TRINITY_DN34572_c0_g1_i2,,
LYIEFNK,27.02,925.4909,7,0.2,463.7528,25.56,2.75E5,3,7513,AK-181.raw,,,
STEPAVTTYEQTLLNVPETK,26.97,2220.1162,20,4.5,741.0494,35.55,8.59E4,3,12169,AK-181.raw,odontosyllis_best|TRINITY_DN43285_c4_g1_i1,,
AGLQFPVGR,26.80,943.5239,9,-0.8,472.7689,25.86,6.08E5,3,7648,AK-181.raw,odontosyllis_best|TRINITY_DN88284_c0_g1_i1,,
EYIYFLK,26.69,974.5113,7,-0.3,488.2628,32.91,6.14E5,3,11009,AK-181.raw,odontosyllis_best|TRINITY_DN41085_c7_g1_i1,,
EYLYFLK,26.69,974.5113,7,-0.3,488.2628,32.91,6.14E5,3,11009,AK-181.raw,odontosyllis_best|TRINITY_DN24389_c0_g1_i1,,
SPALAALQVK,26.61,996.5967,10,-0.6,499.3054,23.91,1.98E5,3,6729,AK-181.raw,odontosyllis_best|TRINITY_DN43778_c4_g5_i2:odontosyllis_best|TRINITY_DN43778_c4_g5_i1,,
ANTVLSGGTTMYPGIADR,26.54,1822.8883,18,-0.6,912.4509,29.72,1.15E5,3,9494,AK-181.raw,odontosyllis_best|TRINITY_DN44444_c3_g1_i3:odontosyllis_best|TRINITY_DN44444_c3_g2_i1,,
ILAIFDK,26.30,818.4902,7,-0.1,410.2523,29.29,6.09E5,3,9291,AK-181.raw,odontosyllis_best|TRINITY_DN46700_c5_g3_i1,,
ILALFDK,26.30,818.4902,7,-0.1,410.2523,29.29,6.09E5,3,9291,AK-181.raw,odontosyllis_best|TRINITY_DN26682_c0_g1_i1:odontosyllis_best|TRINITY_DN44039_c0_g3_i1,,
IIALFDK,26.30,818.4902,7,-0.1,410.2523,29.29,6.09E5,3,9291,AK-181.raw,odontosyllis_best|TRINITY_DN45820_c8_g1_i1,,
LIALFDK,26.30,818.4902,7,-0.1,410.2523,29.29,6.09E5,3,9291,AK-181.raw,odontosyllis_best|TRINITY_DN40666_c1_g8_i5,,
C(+57.02)APEGENIITTTR,25.97,1460.6929,13,-0.3,731.3535,21.03,6.01E4,3,5444,AK-181.raw,odontosyllis_best|TRINITY_DN10215_c0_g1_i1,Carbamidomethylation,C1:Carbamidomethylation:1000.00
AAPEMISLIK,25.90,1071.5997,10,-0.5,536.8069,30.18,5.17E5,3,9716,AK-181.raw,odontosyllis_best|TRINITY_DN41712_c2_g4_i1:odontosyllis_best|TRINITY_DN41712_c2_g4_i2,,
FSTAGPVLSIR,25.75,1146.6396,11,-0.7,574.3267,27.97,1.52E5,3,8668,AK-181.raw,odontosyllis_best|TRINITY_DN46522_c1_g2_i2,,
DLTDYLM(+15.99)K,25.70,1013.4739,8,1.4,507.7450,33.23,2.59E8,3,11162,AK-181.raw,odontosyllis_best|TRINITY_DN44444_c3_g1_i3:odontosyllis_best|TRINITY_DN44444_c3_g2_i1:odontosyllis_best|TRINITY_DN47012_c9_g1_i7,Oxidation (M),M7:Oxidation (M):1000.00
DLTDYLM(+15.99)K,24.62,1013.4739,8,1.5,507.7450,34.24,2.59E8,3,11592,AK-181.raw,odontosyllis_best|TRINITY_DN44444_c3_g1_i3:odontosyllis_best|TRINITY_DN44444_c3_g2_i1:odontosyllis_best|TRINITY_DN47012_c9_g1_i7,Oxidation (M),M7:Oxidation (M):1000.00
DLTDYLM(+15.99)K,24.23,1013.4739,8,1.4,507.7449,31.20,2.59E8,3,10187,AK-181.raw,odontosyllis_best|TRINITY_DN44444_c3_g1_i3:odontosyllis_best|TRINITY_DN44444_c3_g2_i1:odontosyllis_best|TRINITY_DN47012_c9_g1_i7,Oxidation (M),M7:Oxidation (M):1000.00
DLTDYLM(+15.99)K,23.66,1013.4739,8,3.6,507.7461,32.73,2.59E8,3,10929,AK-181.raw,odontosyllis_best|TRINITY_DN44444_c3_g1_i3:odontosyllis_best|TRINITY_DN44444_c3_g2_i1:odontosyllis_best|TRINITY_DN47012_c9_g1_i7,Oxidation (M),M7:Oxidation (M):1000.00
DLTDYLM(+15.99)K,23.44,1013.4739,8,1.4,507.7450,32.22,2.59E8,3,10680,AK-181.raw,odontosyllis_best|TRINITY_DN44444_c3_g1_i3:odontosyllis_best|TRINITY_DN44444_c3_g2_i1:odontosyllis_best|TRINITY_DN47012_c9_g1_i7,Oxidation (M),M7:Oxidation (M):1000.00
DLTDYLM(+15.99)K,23.41,1013.4739,8,0.3,507.7444,34.75,2.59E8,3,11831,AK-181.raw,odontosyllis_best|TRINITY_DN44444_c3_g1_i3:odontosyllis_best|TRINITY_DN44444_c3_g2_i1:odontosyllis_best|TRINITY_DN47012_c9_g1_i7,Oxidation (M),M7:Oxidation (M):1000.00
DLTDYLM(+15.99)K,23.32,1013.4739,8,0.4,507.7444,30.69,1.6E8,3,9954,AK-181.raw,odontosyllis_best|TRINITY_DN44444_c3_g1_i3:odontosyllis_best|TRINITY_DN44444_c3_g2_i1:odontosyllis_best|TRINITY_DN47012_c9_g1_i7,Oxidation (M),M7:Oxidation (M):1000.00
GTGGVDTAAVGGTYDISNSDR,25.65,2011.9082,21,1.0,671.6440,25.33,1.92E5,3,7399,AK-181.raw,odontosyllis_best|TRINITY_DN42466_c0_g1_i1,,
GTGGVDTAAVGGTYDISNSDR,24.76,2011.9082,21,0.1,1006.9615,25.26,1.24E5,3,7363,AK-181.raw,odontosyllis_best|TRINITY_DN42466_c0_g1_i1,,
MVMAGAGGVNHEELVALAK,25.61,1895.9597,19,-1.6,948.9856,27.35,8.54E4,3,8374,AK-181.raw,odontosyllis_best|TRINITY_DN43285_c4_g1_i1,,
FIAGELPR,25.46,901.5021,8,-3.1,451.7569,23.16,1.09E6,3,6392,AK-181.raw,odontosyllis_best|TRINITY_DN45025_c5_g1_i1,,
SGGSTMFPGIADR,25.38,1294.5975,13,0.0,648.3060,26.93,1.04E6,3,8160,AK-181.raw,odontosyllis_best|TRINITY_DN47012_c9_g1_i7,,
IDAVDAQTVR,25.29,1086.5669,10,0.0,544.2907,18.13,7.63E4,3,4263,AK-181.raw,odontosyllis_best|TRINITY_DN43285_c4_g1_i1,,
IINVIGEPIDER,25.26,1366.7456,12,-1.3,684.3792,29.91,1.98E5,3,9590,AK-181.raw,odontosyllis_best|TRINITY_DN41547_c4_g1_i1,,
IC(+57.02)DFGLAR,25.23,950.4644,8,0.3,476.2396,24.42,8.66E5,3,6966,AK-181.raw,odontosyllis_best|TRINITY_DN42583_c3_g1_i1,Carbamidomethylation,C2:Carbamidomethylation:1000.00
LPDWFDASK,25.20,1077.5131,9,-0.1,539.7637,32.90,8.91E5,3,11002,AK-181.raw,odontosyllis_best|TRINITY_DN45025_c5_g1_i1,,
ALDLLGR,24.85,756.4493,7,-0.9,379.2316,25.88,2.94E6,3,7662,AK-181.raw,odontosyllis_best|TRINITY_DN42583_c3_g1_i1,,
ALDLIGR,24.85,756.4493,7,-0.9,379.2316,25.88,2.94E6,3,7662,AK-181.raw,,,
ALDILGR,24.85,756.4493,7,-0.9,379.2316,25.88,2.94E6,3,7662,AK-181.raw,,,
AIDLLGR,24.85,756.4493,7,-0.9,379.2316,25.88,2.94E6,3,7662,AK-181.raw,,,
SQLTIIVR,24.81,928.5706,8,-0.8,465.2922,24.00,1.26E5,3,6767,AK-181.raw,odontosyllis_best|TRINITY_DN44733_c12_g1_i5:odontosyllis_best|TRINITY_DN44733_c12_g1_i1,,
VTFYFR,24.63,831.4279,6,0.0,416.7212,26.57,2.05E5,3,7985,AK-181.raw,odontosyllis_best|TRINITY_DN43769_c1_g1_i7:odontosyllis_best|TRINITY_DN43769_c1_g1_i11:odontosyllis_best|TRINITY_DN43769_c1_g1_i13:odontosyllis_best|TRINITY_DN43769_c1_g1_i17:odontosyllis_best|TRINITY_DN43769_c1_g1_i25:odontosyllis_best|TRINITY_DN43769_c1_g1_i10:odontosyllis_best|TRINITY_DN43769_c1_g1_i9,,
SDNIEDYLGSNVGYYR,24.56,1863.8275,16,-0.3,932.9207,35.25,1.18E5,3,12031,AK-181.raw,odontosyllis_best|TRINITY_DN45025_c5_g1_i1,,
VLELPYK,24.49,860.5007,7,-0.4,431.2575,24.59,8.06E5,3,7047,AK-181.raw,odontosyllis_best|TRINITY_DN91479_c0_g1_i1,,
VLEIPYK,24.49,860.5007,7,-0.4,431.2575,24.59,8.06E5,3,7047,AK-181.raw,odontosyllis_best|TRINITY_DN41790_c6_g1_i1:odontosyllis_best|TRINITY_DN42388_c5_g3_i2:odontosyllis_best|TRINITY_DN42388_c5_g3_i1,,
VAPEEHPVLLTEAPLN,24.40,1727.9093,16,1.4,864.9631,31.91,1.16E6,3,10526,AK-181.raw,odontosyllis_best|TRINITY_DN44444_c3_g1_i3:odontosyllis_best|TRINITY_DN44444_c3_g2_i1:odontosyllis_best|TRINITY_DN47012_c9_g1_i7,,
TDDAKPVVLPVVR,24.34,1407.8085,13,0.3,470.2769,23.48,1.82E5,3,6543,AK-181.raw,odontosyllis_best|TRINITY_DN44733_c12_g1_i5:odontosyllis_best|TRINITY_DN44733_c12_g1_i1,,
GVTHTVPIYEGYALPH,24.31,1752.8835,16,0.4,585.3020,28.20,6.46E5,3,8783,AK-181.raw,odontosyllis_best|TRINITY_DN44444_c3_g1_i3:odontosyllis_best|TRINITY_DN44444_c3_g2_i1,,
ALPHAILR,24.21,889.5497,8,-0.3,445.7820,17.89,2.51E6,3,4176,AK-181.raw,odontosyllis_best|TRINITY_DN44444_c3_g1_i3:odontosyllis_best|TRINITY_DN44444_c3_g2_i1:odontosyllis_best|TRINITY_DN47012_c9_g1_i7,,
NPFLLVK,24.07,829.5062,7,-1.1,415.7599,27.48,6.58E5,3,8433,AK-181.raw,odontosyllis_best|TRINITY_DN43127_c1_g7_i1:odontosyllis_best|TRINITY_DN43127_c1_g6_i1:odontosyllis_best|TRINITY_DN43127_c1_g6_i2,,
DDVAALVVDNGSGMC(+57.02)K,23.99,1649.7389,16,0.5,825.8771,31.29,3.48E5,3,10228,AK-181.raw,odontosyllis_best|TRINITY_DN44444_c3_g2_i1,Carbamidomethylation,C15:Carbamidomethylation:1000.00
TVLSGGSTM(+15.99)FPGIADR,23.91,1623.7926,16,1.1,812.9045,29.24,2.72E6,3,9264,AK-181.raw,odontosyllis_best|TRINITY_DN47012_c9_g1_i7,Oxidation (M),M9:Oxidation (M):1000.00
FPSIVGRPR,23.88,1027.5927,9,0.9,514.8041,23.30,7.96E6,3,6458,AK-181.raw,odontosyllis_best|TRINITY_DN44444_c3_g1_i3:odontosyllis_best|TRINITY_DN44444_c3_g2_i1:odontosyllis_best|TRINITY_DN47012_c9_g1_i7,,
WLNNPIPR,23.83,1008.5505,8,-0.4,505.2823,25.17,1.3E5,3,7322,AK-181.raw,odontosyllis_best|TRINITY_DN41904_c0_g1_i1,,
NLLSVAYK,23.76,906.5175,8,-0.6,454.2657,24.77,4E5,3,7133,AK-181.raw,odontosyllis_best|TRINITY_DN41824_c8_g1_i1:odontosyllis_best|TRINITY_DN55221_c0_g1_i1,,
FFILPVEK,23.74,991.5742,8,-0.5,496.7942,34.24,8.87E5,3,11594,AK-181.raw,odontosyllis_best|TRINITY_DN39408_c0_g1_i1,,
TVLSGGSTMFPGIADR,23.71,1607.7977,16,1.9,804.9077,33.05,4.17E6,3,11080,AK-181.raw,odontosyllis_best|TRINITY_DN47012_c9_g1_i7,,
PSIVGRPR,23.69,880.5242,8,1.6,441.2701,22.77,2.85E6,3,6193,AK-181.raw,odontosyllis_best|TRINITY_DN44444_c3_g1_i3:odontosyllis_best|TRINITY_DN44444_c3_g2_i1:odontosyllis_best|TRINITY_DN47012_c9_g1_i7,,
NELIPENDFFVPGR,23.58,1645.8099,14,0.7,823.9128,37.78,1.16E5,3,13071,AK-181.raw,odontosyllis_best|TRINITY_DN46034_c4_g1_i1:odontosyllis_best|TRINITY_DN46034_c4_g1_i2,,
EQTLLNVPETK,23.55,1270.6769,11,5.5,636.3492,24.64,5.02E5,3,7070,AK-181.raw,odontosyllis_best|TRINITY_DN43285_c4_g1_i1,,
QLLLTVGK,23.47,870.5538,8,-0.9,436.2838,24.67,1.21E5,3,7086,AK-181.raw,odontosyllis_best|TRINITY_DN33336_c0_g1_i1,,
IIAPPER,23.43,794.4650,7,-0.4,398.2396,16.77,1.42E7,3,3749,AK-181.raw,odontosyllis_best|TRINITY_DN44444_c3_g1_i3:odontosyllis_best|TRINITY_DN44444_c3_g2_i1:odontosyllis_best|TRINITY_DN47012_c9_g1_i7,,
LTPTVFTR,23.34,933.5283,8,0.4,467.7716,22.65,9.05E4,3,6139,AK-181.raw,odontosyllis_best|TRINITY_DN40296_c6_g1_i2:odontosyllis_best|TRINITY_DN40296_c6_g1_i4,,
LDSILDKLR,23.31,1071.6288,9,1.5,536.8224,26.97,4.4E5,3,8182,AK-181.raw,odontosyllis_best|TRINITY_DN42466_c0_g1_i1,,
NVPFFH,23.22,759.3704,6,-1.3,380.6920,26.86,2.47E5,3,8128,AK-181.raw,odontosyllis_best|TRINITY_DN44866_c3_g1_i4:odontosyllis_best|TRINITY_DN44866_c3_g1_i1,,
