Protein Group,Protein ID,Protein Accession,Peptide,Unique,-10lgP,Mass,Length,ppm,m/z,z,RT,Area,Fraction,Scan,Source File,#Spec,Start,End,PTM,AScore
1,1,odontosyllis_best|TRINITY_DN44444_c3_g1_i3,A.SYELPDGQVITIGNER.C,N,56.52,1789.8846,16,0.3,895.9498,2,34.39,3.93E8,3,11658,AK-181.raw,14,362,409,,
1,1,odontosyllis_best|TRINITY_DN44444_c3_g1_i3,C.VAPEEHPVLLTEAPLNPK.G,N,47.08,1953.0570,18,5.3,652.0297,3,27.03,1.75E9,3,8214,AK-181.raw,8,785,838,,
1,1,odontosyllis_best|TRINITY_DN44444_c3_g1_i3,A.SYELPDGQVITIGN(+.98)ER.C,N,46.18,1790.8687,16,0.9,896.4424,2,35.95,3.18E6,3,12348,AK-181.raw,4,362,409,Deamidation (NQ),N14:Deamidation (NQ):71.27
1,1,odontosyllis_best|TRINITY_DN44444_c3_g1_i3,C.HQGVMVGMGQK.A,N,45.86,1170.5638,11,2.8,391.1963,3,15.45,2.9E6,3,3280,AK-181.raw,1,974,1006,,
1,1,odontosyllis_best|TRINITY_DN44444_c3_g1_i3,T.DLYANTVLSGGTTMYPGIADR.T,N,44.72,2214.0627,21,0.3,1108.0389,2,39.63,2.06E6,3,13757,AK-181.raw,1,188,250,,
1,1,odontosyllis_best|TRINITY_DN44444_c3_g1_i3,C.IWHHTFYNELR.C,N,43.09,1514.7418,11,2.3,505.9224,3,20.44,1.26E8,3,5203,AK-181.raw,10,839,871,,
1,1,odontosyllis_best|TRINITY_DN44444_c3_g1_i3,T.Q(+.98)EYDESGPSIVHR.T,N,42.71,1516.6793,13,0.4,506.5673,3,18.29,2.98E5,3,4325,AK-181.raw,1,8,46,Deamidation (NQ),Q1:Deamidation (NQ):1000.00
1,1,odontosyllis_best|TRINITY_DN44444_c3_g1_i3,G.AVFPSIVGRPR.T,N,42.38,1197.6981,11,0.0,400.2400,3,24.15,,3,6837,AK-181.raw,5,1007,1039,,
1,1,odontosyllis_best|TRINITY_DN44444_c3_g1_i3,T.DLYANTVLSGGTTM(+15.99)YPGIADR.T,N,40.95,2230.0576,21,1.6,1116.0378,2,36.58,4.08E6,3,12592,AK-181.raw,1,188,250,Oxidation (M),M14:Oxidation (M):1000.00
1,1,odontosyllis_best|TRINITY_DN44444_c3_g1_i3,T.EITALAPATMK.C,N,40.45,1144.6162,11,0.3,573.3156,2,24.92,2.25E8,3,7208,AK-181.raw,1,146,178,,
1,1,odontosyllis_best|TRINITY_DN44444_c3_g1_i3,T.EITALAPATM(+15.99)K.C,N,38.36,1160.6111,11,0.2,581.3129,2,23.86,4.1E7,3,6707,AK-181.raw,6,146,178,Oxidation (M),M10:Oxidation (M):1000.00
1,1,odontosyllis_best|TRINITY_DN44444_c3_g1_i3,C.AGFAGDDAPR.T,N,36.91,975.4410,10,-1.9,488.7268,2,16.17,7.06E6,3,3531,AK-181.raw,2,1040,1069,,
1,1,odontosyllis_best|TRINITY_DN44444_c3_g1_i3,C.EHPVLLTEAPLNPK.C,N,36.55,1556.8562,14,1.5,519.9601,3,24.85,2.67E5,3,7175,AK-181.raw,1,785,826,,
1,1,odontosyllis_best|TRINITY_DN44444_c3_g1_i3,T.TVLSGGTTM(+15.99)YPGIADR.G,N,36.26,1653.8032,16,4.5,827.9126,2,25.56,9.98E4,3,7512,AK-181.raw,1,188,235,Oxidation (M),M9:Oxidation (M):1000.00
1,1,odontosyllis_best|TRINITY_DN44444_c3_g1_i3,T.QEYDESGPSIVHR.T,N,35.91,1515.6953,13,0.5,506.2393,3,17.64,1.88E7,3,4072,AK-181.raw,2,8,46,,
1,1,odontosyllis_best|TRINITY_DN44444_c3_g1_i3,C.IWHHTFYN(+.98)ELR.C,N,34.09,1515.7258,11,2.3,506.2504,3,22.46,2.17E6,3,6056,AK-181.raw,2,839,871,Deamidation (NQ),N8:Deamidation (NQ):1000.00
1,1,odontosyllis_best|TRINITY_DN44444_c3_g1_i3,C.PEEHPVLLTEAPLN(+.98)PK.G,N,33.80,1783.9355,16,-8.5,595.6474,3,27.18,1.15E5,3,8290,AK-181.raw,1,785,832,Deamidation (NQ),N14:Deamidation (NQ):1000.00
1,1,odontosyllis_best|TRINITY_DN44444_c3_g1_i3,T.KDLYANTVLSGGTTMYPGIADR.C,N,33.69,2342.1577,22,0.5,781.7269,3,31.88,4.23E6,3,10509,AK-181.raw,1,188,253,,
1,1,odontosyllis_best|TRINITY_DN44444_c3_g1_i3,C.HQGVMVGMGQ(+.98)K.A,N,33.52,1171.5479,11,-0.3,586.7810,2,15.88,1.83E5,3,3429,AK-181.raw,1,974,1006,Deamidation (NQ),Q10:Deamidation (NQ):46.32
1,1,odontosyllis_best|TRINITY_DN44444_c3_g1_i3,A.LC(+57.02)YVALDFEQEM(+15.99)ATAASSSSLEK.C,N,33.36,2565.1614,23,-2.3,856.0591,3,36.28,5.44E5,3,12479,AK-181.raw,1,410,478,Carbamidomethylation; Oxidation (M),C2:Carbamidomethylation:1000.00;M12:Oxidation (M):1000.00
1,1,odontosyllis_best|TRINITY_DN44444_c3_g1_i3,C.DEVAALVVDNGSGMC(+57.02)K.G,Y,33.29,1663.7545,16,-1.4,832.8834,2,30.39,6.24E5,3,9814,AK-181.raw,1,1070,1117,Carbamidomethylation,C15:Carbamidomethylation:1000.00
1,1,odontosyllis_best|TRINITY_DN44444_c3_g1_i3,C.GYSFTTTAER.A,N,32.48,1131.5197,10,-0.5,566.7668,2,19.48,3.39E7,3,4769,AK-181.raw,1,506,535,,
1,1,odontosyllis_best|TRINITY_DN44444_c3_g1_i3,T.DLTDYLMK.A,N,31.80,997.4790,8,0.4,499.7470,2,28.85,1.73E6,3,9088,AK-181.raw,9,551,574,,
1,1,odontosyllis_best|TRINITY_DN44444_c3_g1_i3,G.VFPSIVGRPR.A,N,31.58,1126.6610,10,-1.2,376.5605,3,22.97,4.29E4,3,6294,AK-181.raw,2,1007,1036,,
1,1,odontosyllis_best|TRINITY_DN44444_c3_g1_i3,G.AVFPSIVGRP.T,N,30.91,1041.5970,10,0.6,521.8061,2,28.92,7.81E5,3,9118,AK-181.raw,1,1010,1039,,
1,1,odontosyllis_best|TRINITY_DN44444_c3_g1_i3,G.AVFPSIVGR.T,N,30.79,944.5443,9,1.8,473.2803,2,28.09,1.17E9,3,8728,AK-181.raw,4,1013,1039,,
1,1,odontosyllis_best|TRINITY_DN44444_c3_g1_i3,T.GIVTNWDDMEK.G,N,30.63,1306.5863,11,-0.8,654.2999,2,28.18,4.74E6,3,8774,AK-181.raw,1,872,904,,
1,1,odontosyllis_best|TRINITY_DN44444_c3_g1_i3,T.TVLSGGTTMYPGIADR.G,N,28.86,1637.8083,16,0.2,819.9116,2,28.69,4.97E6,3,9019,AK-181.raw,1,188,235,,
1,1,odontosyllis_best|TRINITY_DN44444_c3_g1_i3,A.GIHETSYNSIMK.A,N,28.63,1378.6550,12,-0.2,460.5589,3,18.11,1.63E5,3,4256,AK-181.raw,1,272,307,,
1,1,odontosyllis_best|TRINITY_DN44444_c3_g1_i3,C.HQGVMVGM(+15.99)GQK.A,N,28.54,1186.5587,11,-1.1,396.5264,3,13.27,4.75E5,3,2541,AK-181.raw,1,974,1006,Oxidation (M),M8:Oxidation (M):22.45
1,1,odontosyllis_best|TRINITY_DN44444_c3_g1_i3,T.ANTVLSGGTTMYPGIADR.A,N,26.54,1822.8883,18,-0.6,912.4509,2,29.72,1.15E5,3,9494,AK-181.raw,1,188,241,,
1,1,odontosyllis_best|TRINITY_DN44444_c3_g1_i3,T.DLTDYLM(+15.99)K.A,N,25.70,1013.4739,8,1.4,507.7450,2,33.23,2.59E8,3,11162,AK-181.raw,7,551,574,Oxidation (M),M7:Oxidation (M):1000.00
1,1,odontosyllis_best|TRINITY_DN44444_c3_g1_i3,G.VAPEEHPVLLTEAPLN.G,N,24.40,1727.9093,16,1.4,864.9631,2,31.91,1.16E6,3,10526,AK-181.raw,1,791,838,,
1,1,odontosyllis_best|TRINITY_DN44444_c3_g1_i3,C.GVTHTVPIYEGYALPH.A,N,24.31,1752.8835,16,0.4,585.3020,3,28.20,6.46E5,3,8783,AK-181.raw,1,605,652,,
1,1,odontosyllis_best|TRINITY_DN44444_c3_g1_i3,G.ALPHAILR.A,N,24.21,889.5497,8,-0.3,445.7820,2,17.89,2.51E6,3,4176,AK-181.raw,1,593,616,,
1,1,odontosyllis_best|TRINITY_DN44444_c3_g1_i3,G.FPSIVGRPR.T,N,23.88,1027.5927,9,0.9,514.8041,2,23.30,7.96E6,3,6458,AK-181.raw,1,1007,1033,,
1,1,odontosyllis_best|TRINITY_DN44444_c3_g1_i3,G.PSIVGRPR.G,N,23.69,880.5242,8,1.6,441.2701,2,22.77,2.85E6,3,6193,AK-181.raw,1,1007,1030,,
1,1,odontosyllis_best|TRINITY_DN44444_c3_g1_i3,T.IIAPPER.C,N,23.43,794.4650,7,-0.4,398.2396,2,16.77,1.42E7,3,3749,AK-181.raw,1,119,139,,
2,2,odontosyllis_best|TRINITY_DN44444_c3_g2_i1,A.SYELPDGQVITIGNER.C,N,56.52,1789.8846,16,0.3,895.9498,2,34.39,3.93E8,3,11658,AK-181.raw,14,291,338,,
2,2,odontosyllis_best|TRINITY_DN44444_c3_g2_i1,C.VAPEEHPVLLTEAPLNPK.A,N,47.08,1953.0570,18,5.3,652.0297,3,27.03,1.75E9,3,8214,AK-181.raw,8,714,767,,
2,2,odontosyllis_best|TRINITY_DN44444_c3_g2_i1,A.SYELPDGQVITIGN(+.98)ER.C,N,46.18,1790.8687,16,0.9,896.4424,2,35.95,3.18E6,3,12348,AK-181.raw,4,291,338,Deamidation (NQ),N14:Deamidation (NQ):71.27
2,2,odontosyllis_best|TRINITY_DN44444_c3_g2_i1,C.HQGVMVGMGQK.A,N,45.86,1170.5638,11,2.8,391.1963,3,15.45,2.9E6,3,3280,AK-181.raw,1,903,935,,
2,2,odontosyllis_best|TRINITY_DN44444_c3_g2_i1,T.DLYANTVLSGGTTMYPGIADR.T,N,44.72,2214.0627,21,0.3,1108.0389,2,39.63,2.06E6,3,13757,AK-181.raw,1,117,179,,
2,2,odontosyllis_best|TRINITY_DN44444_c3_g2_i1,C.IWHHTFYNELR.C,N,43.09,1514.7418,11,2.3,505.9224,3,20.44,1.26E8,3,5203,AK-181.raw,10,768,800,,
2,2,odontosyllis_best|TRINITY_DN44444_c3_g2_i1,G.AVFPSIVGRPR.G,N,42.38,1197.6981,11,0.0,400.2400,3,24.15,,3,6837,AK-181.raw,5,936,968,,
2,2,odontosyllis_best|TRINITY_DN44444_c3_g2_i1,T.DLYANTVLSGGTTM(+15.99)YPGIADR.T,N,40.95,2230.0576,21,1.6,1116.0378,2,36.58,4.08E6,3,12592,AK-181.raw,1,117,179,Oxidation (M),M14:Oxidation (M):1000.00
2,2,odontosyllis_best|TRINITY_DN44444_c3_g2_i1,T.EITALAPATMK.C,N,40.45,1144.6162,11,0.3,573.3156,2,24.92,2.25E8,3,7208,AK-181.raw,1,75,107,,
2,2,odontosyllis_best|TRINITY_DN44444_c3_g2_i1,T.EITALAPATM(+15.99)K.C,N,38.36,1160.6111,11,0.2,581.3129,2,23.86,4.1E7,3,6707,AK-181.raw,6,75,107,Oxidation (M),M10:Oxidation (M):1000.00
2,2,odontosyllis_best|TRINITY_DN44444_c3_g2_i1,C.AGFAGDDAPR.C,N,36.91,975.4410,10,-1.9,488.7268,2,16.17,7.06E6,3,3531,AK-181.raw,2,969,998,,
2,2,odontosyllis_best|TRINITY_DN44444_c3_g2_i1,C.EHPVLLTEAPLNPK.C,N,36.55,1556.8562,14,1.5,519.9601,3,24.85,2.67E5,3,7175,AK-181.raw,1,714,755,,
2,2,odontosyllis_best|TRINITY_DN44444_c3_g2_i1,T.TVLSGGTTM(+15.99)YPGIADR.G,N,36.26,1653.8032,16,4.5,827.9126,2,25.56,9.98E4,3,7512,AK-181.raw,1,117,164,Oxidation (M),M9:Oxidation (M):1000.00
2,2,odontosyllis_best|TRINITY_DN44444_c3_g2_i1,C.IWHHTFYN(+.98)ELR.C,N,34.09,1515.7258,11,2.3,506.2504,3,22.46,2.17E6,3,6056,AK-181.raw,2,768,800,Deamidation (NQ),N8:Deamidation (NQ):1000.00
2,2,odontosyllis_best|TRINITY_DN44444_c3_g2_i1,C.PEEHPVLLTEAPLN(+.98)PK.G,N,33.80,1783.9355,16,-8.5,595.6474,3,27.18,1.15E5,3,8290,AK-181.raw,1,714,761,Deamidation (NQ),N14:Deamidation (NQ):1000.00
2,2,odontosyllis_best|TRINITY_DN44444_c3_g2_i1,T.KDLYANTVLSGGTTMYPGIADR.C,N,33.69,2342.1577,22,0.5,781.7269,3,31.88,4.23E6,3,10509,AK-181.raw,1,117,182,,
2,2,odontosyllis_best|TRINITY_DN44444_c3_g2_i1,C.HQGVMVGMGQ(+.98)K.A,N,33.52,1171.5479,11,-0.3,586.7810,2,15.88,1.83E5,3,3429,AK-181.raw,1,903,935,Deamidation (NQ),Q10:Deamidation (NQ):46.32
2,2,odontosyllis_best|TRINITY_DN44444_c3_g2_i1,A.LC(+57.02)YVALDFEQEM(+15.99)ATAASSSSLEK.C,N,33.36,2565.1614,23,-2.3,856.0591,3,36.28,5.44E5,3,12479,AK-181.raw,1,339,407,Carbamidomethylation; Oxidation (M),C2:Carbamidomethylation:1000.00;M12:Oxidation (M):1000.00
2,2,odontosyllis_best|TRINITY_DN44444_c3_g2_i1,C.GYSFTTTAER.A,N,32.48,1131.5197,10,-0.5,566.7668,2,19.48,3.39E7,3,4769,AK-181.raw,1,435,464,,
2,2,odontosyllis_best|TRINITY_DN44444_c3_g2_i1,T.DLTDYLMK.A,N,31.80,997.4790,8,0.4,499.7470,2,28.85,1.73E6,3,9088,AK-181.raw,9,480,503,,
2,2,odontosyllis_best|TRINITY_DN44444_c3_g2_i1,G.VFPSIVGRPR.A,N,31.58,1126.6610,10,-1.2,376.5605,3,22.97,4.29E4,3,6294,AK-181.raw,2,936,965,,
2,2,odontosyllis_best|TRINITY_DN44444_c3_g2_i1,G.AVFPSIVGRP.G,N,30.91,1041.5970,10,0.6,521.8061,2,28.92,7.81E5,3,9118,AK-181.raw,1,939,968,,
2,2,odontosyllis_best|TRINITY_DN44444_c3_g2_i1,G.AVFPSIVGR.G,N,30.79,944.5443,9,1.8,473.2803,2,28.09,1.17E9,3,8728,AK-181.raw,4,942,968,,
2,2,odontosyllis_best|TRINITY_DN44444_c3_g2_i1,T.GIVTNWDDMEK.G,N,30.63,1306.5863,11,-0.8,654.2999,2,28.18,4.74E6,3,8774,AK-181.raw,1,801,833,,
2,2,odontosyllis_best|TRINITY_DN44444_c3_g2_i1,T.TVLSGGTTMYPGIADR.G,N,28.86,1637.8083,16,0.2,819.9116,2,28.69,4.97E6,3,9019,AK-181.raw,1,117,164,,
2,2,odontosyllis_best|TRINITY_DN44444_c3_g2_i1,A.GIHETSYNSIMK.A,N,28.63,1378.6550,12,-0.2,460.5589,3,18.11,1.63E5,3,4256,AK-181.raw,1,201,236,,
2,2,odontosyllis_best|TRINITY_DN44444_c3_g2_i1,C.HQGVMVGM(+15.99)GQK.A,N,28.54,1186.5587,11,-1.1,396.5264,3,13.27,4.75E5,3,2541,AK-181.raw,1,903,935,Oxidation (M),M8:Oxidation (M):22.45
2,2,odontosyllis_best|TRINITY_DN44444_c3_g2_i1,T.ANTVLSGGTTMYPGIADR.A,N,26.54,1822.8883,18,-0.6,912.4509,2,29.72,1.15E5,3,9494,AK-181.raw,1,117,170,,
2,2,odontosyllis_best|TRINITY_DN44444_c3_g2_i1,T.DLTDYLM(+15.99)K.A,N,25.70,1013.4739,8,1.4,507.7450,2,33.23,2.59E8,3,11162,AK-181.raw,7,480,503,Oxidation (M),M7:Oxidation (M):1000.00
2,2,odontosyllis_best|TRINITY_DN44444_c3_g2_i1,G.VAPEEHPVLLTEAPLN.A,N,24.40,1727.9093,16,1.4,864.9631,2,31.91,1.16E6,3,10526,AK-181.raw,1,720,767,,
2,2,odontosyllis_best|TRINITY_DN44444_c3_g2_i1,C.GVTHTVPIYEGYALPH.A,N,24.31,1752.8835,16,0.4,585.3020,3,28.20,6.46E5,3,8783,AK-181.raw,1,534,581,,
2,2,odontosyllis_best|TRINITY_DN44444_c3_g2_i1,G.ALPHAILR.A,N,24.21,889.5497,8,-0.3,445.7820,2,17.89,2.51E6,3,4176,AK-181.raw,1,522,545,,
2,2,odontosyllis_best|TRINITY_DN44444_c3_g2_i1,C.DDVAALVVDNGSGMC(+57.02)K.G,Y,23.99,1649.7389,16,0.5,825.8771,2,31.29,3.48E5,3,10228,AK-181.raw,1,999,1046,Carbamidomethylation,C15:Carbamidomethylation:1000.00
2,2,odontosyllis_best|TRINITY_DN44444_c3_g2_i1,G.FPSIVGRPR.C,N,23.88,1027.5927,9,0.9,514.8041,2,23.30,7.96E6,3,6458,AK-181.raw,1,936,962,,
2,2,odontosyllis_best|TRINITY_DN44444_c3_g2_i1,G.PSIVGRPR.G,N,23.69,880.5242,8,1.6,441.2701,2,22.77,2.85E6,3,6193,AK-181.raw,1,936,959,,
2,2,odontosyllis_best|TRINITY_DN44444_c3_g2_i1,T.IIAPPER.C,N,23.43,794.4650,7,-0.4,398.2396,2,16.77,1.42E7,3,3749,AK-181.raw,1,48,68,,
3,3,odontosyllis_best|TRINITY_DN47012_c9_g1_i7,A.SYELPDGQVITIGNER.C,N,56.52,1789.8846,16,0.3,895.9498,2,34.39,3.93E8,3,11658,AK-181.raw,14,905,952,,
3,3,odontosyllis_best|TRINITY_DN47012_c9_g1_i7,C.VAPEEHPVLLTEAPLNPK.A,N,47.08,1953.0570,18,5.3,652.0297,3,27.03,1.75E9,3,8214,AK-181.raw,8,1328,1381,,
3,3,odontosyllis_best|TRINITY_DN47012_c9_g1_i7,T.EITALAPPTMK.T,N,46.58,1170.6318,11,-1.2,391.2174,3,26.69,8.41E6,3,8043,AK-181.raw,4,689,721,,
3,3,odontosyllis_best|TRINITY_DN47012_c9_g1_i7,A.SYELPDGQVITIGN(+.98)ER.C,N,46.18,1790.8687,16,0.9,896.4424,2,35.95,3.18E6,3,12348,AK-181.raw,4,905,952,Deamidation (NQ),N14:Deamidation (NQ):71.27
3,3,odontosyllis_best|TRINITY_DN47012_c9_g1_i7,C.HQGVMVGMGQK.C,N,45.86,1170.5638,11,2.8,391.1963,3,15.45,2.9E6,3,3280,AK-181.raw,1,1517,1549,,
3,3,odontosyllis_best|TRINITY_DN47012_c9_g1_i7,C.IWHHTFYNELR.C,N,43.09,1514.7418,11,2.3,505.9224,3,20.44,1.26E8,3,5203,AK-181.raw,10,1382,1414,,
3,3,odontosyllis_best|TRINITY_DN47012_c9_g1_i7,T.Q(+.98)EYDESGPSIVHR.C,N,42.71,1516.6793,13,0.4,506.5673,3,18.29,2.98E5,3,4325,AK-181.raw,1,551,589,Deamidation (NQ),Q1:Deamidation (NQ):1000.00
3,3,odontosyllis_best|TRINITY_DN47012_c9_g1_i7,C.EHPVLLTEAPLNPK.T,N,36.55,1556.8562,14,1.5,519.9601,3,24.85,2.67E5,3,7175,AK-181.raw,1,1328,1369,,
3,3,odontosyllis_best|TRINITY_DN47012_c9_g1_i7,T.EITALAPPTM(+15.99)K.T,N,36.06,1186.6267,11,0.9,594.3212,2,24.06,7.47E7,3,6796,AK-181.raw,7,689,721,Oxidation (M),M10:Oxidation (M):1000.00
3,3,odontosyllis_best|TRINITY_DN47012_c9_g1_i7,T.QEYDESGPSIVHR.C,N,35.91,1515.6953,13,0.5,506.2393,3,17.64,1.88E7,3,4072,AK-181.raw,2,551,589,,
3,3,odontosyllis_best|TRINITY_DN47012_c9_g1_i7,C.IWHHTFYN(+.98)ELR.C,N,34.09,1515.7258,11,2.3,506.2504,3,22.46,2.17E6,3,6056,AK-181.raw,2,1382,1414,Deamidation (NQ),N8:Deamidation (NQ):1000.00
3,3,odontosyllis_best|TRINITY_DN47012_c9_g1_i7,C.PEEHPVLLTEAPLN(+.98)PK.A,N,33.80,1783.9355,16,-8.5,595.6474,3,27.18,1.15E5,3,8290,AK-181.raw,1,1328,1375,Deamidation (NQ),N14:Deamidation (NQ):1000.00
3,3,odontosyllis_best|TRINITY_DN47012_c9_g1_i7,C.HQGVMVGMGQ(+.98)K.C,N,33.52,1171.5479,11,-0.3,586.7810,2,15.88,1.83E5,3,3429,AK-181.raw,1,1517,1549,Deamidation (NQ),Q10:Deamidation (NQ):46.32
3,3,odontosyllis_best|TRINITY_DN47012_c9_g1_i7,C.GYSFTTTAER.A,N,32.48,1131.5197,10,-0.5,566.7668,2,19.48,3.39E7,3,4769,AK-181.raw,1,1049,1078,,
3,3,odontosyllis_best|TRINITY_DN47012_c9_g1_i7,T.DLTDYLMK.A,N,31.80,997.4790,8,0.4,499.7470,2,28.85,1.73E6,3,9088,AK-181.raw,9,1094,1117,,
3,3,odontosyllis_best|TRINITY_DN47012_c9_g1_i7,G.VFPSIVGRPR.A,N,31.58,1126.6610,10,-1.2,376.5605,3,22.97,4.29E4,3,6294,AK-181.raw,2,1550,1579,,
3,3,odontosyllis_best|TRINITY_DN47012_c9_g1_i7,T.GIVTNWDDMEK.G,N,30.63,1306.5863,11,-0.8,654.2999,2,28.18,4.74E6,3,8774,AK-181.raw,1,1415,1447,,
3,3,odontosyllis_best|TRINITY_DN47012_c9_g1_i7,T.KDLYANTVLSGGSTMFPGIADR.C,Y,29.83,2312.1470,22,1.5,771.7241,3,35.39,6.58E5,3,12094,AK-181.raw,1,731,796,,
3,3,odontosyllis_best|TRINITY_DN47012_c9_g1_i7,A.GIHETSYNSIMK.G,N,28.63,1378.6550,12,-0.2,460.5589,3,18.11,1.63E5,3,4256,AK-181.raw,1,815,850,,
3,3,odontosyllis_best|TRINITY_DN47012_c9_g1_i7,C.HQGVMVGM(+15.99)GQK.C,N,28.54,1186.5587,11,-1.1,396.5264,3,13.27,4.75E5,3,2541,AK-181.raw,1,1517,1549,Oxidation (M),M8:Oxidation (M):22.45
3,3,odontosyllis_best|TRINITY_DN47012_c9_g1_i7,T.DLYANTVLSGGSTM(+15.99)FPGIADR.T,Y,28.31,2200.0469,21,1.2,1101.0320,2,39.76,8.92E5,3,13804,AK-181.raw,1,731,793,Oxidation (M),M14:Oxidation (M):1000.00
3,3,odontosyllis_best|TRINITY_DN47012_c9_g1_i7,T.GSTMFPGIADR.A,N,27.62,1150.5441,11,-1.4,576.2785,2,27.20,2.92E5,3,8300,AK-181.raw,1,731,763,,
3,3,odontosyllis_best|TRINITY_DN47012_c9_g1_i7,T.DLTDYLM(+15.99)K.A,N,25.70,1013.4739,8,1.4,507.7450,2,33.23,2.59E8,3,11162,AK-181.raw,7,1094,1117,Oxidation (M),M7:Oxidation (M):1000.00
3,3,odontosyllis_best|TRINITY_DN47012_c9_g1_i7,T.SGGSTMFPGIADR.T,N,25.38,1294.5975,13,0.0,648.3060,2,26.93,1.04E6,3,8160,AK-181.raw,1,731,769,,
3,3,odontosyllis_best|TRINITY_DN47012_c9_g1_i7,G.VAPEEHPVLLTEAPLN.A,N,24.40,1727.9093,16,1.4,864.9631,2,31.91,1.16E6,3,10526,AK-181.raw,1,1334,1381,,
3,3,odontosyllis_best|TRINITY_DN47012_c9_g1_i7,G.ALPHAILR.A,N,24.21,889.5497,8,-0.3,445.7820,2,17.89,2.51E6,3,4176,AK-181.raw,1,1136,1159,,
3,3,odontosyllis_best|TRINITY_DN47012_c9_g1_i7,T.TVLSGGSTM(+15.99)FPGIADR.G,Y,23.91,1623.7926,16,1.1,812.9045,2,29.24,2.72E6,3,9264,AK-181.raw,1,731,778,Oxidation (M),M9:Oxidation (M):1000.00
3,3,odontosyllis_best|TRINITY_DN47012_c9_g1_i7,G.FPSIVGRPR.G,N,23.88,1027.5927,9,0.9,514.8041,2,23.30,7.96E6,3,6458,AK-181.raw,1,1550,1576,,
3,3,odontosyllis_best|TRINITY_DN47012_c9_g1_i7,T.TVLSGGSTMFPGIADR.G,Y,23.71,1607.7977,16,1.9,804.9077,2,33.05,4.17E6,3,11080,AK-181.raw,1,731,778,,
3,3,odontosyllis_best|TRINITY_DN47012_c9_g1_i7,G.PSIVGRPR.G,N,23.69,880.5242,8,1.6,441.2701,2,22.77,2.85E6,3,6193,AK-181.raw,1,1550,1573,,
3,3,odontosyllis_best|TRINITY_DN47012_c9_g1_i7,T.IIAPPER.C,N,23.43,794.4650,7,-0.4,398.2396,2,16.77,1.42E7,3,3749,AK-181.raw,1,662,682,,
6,8,odontosyllis_best|TRINITY_DN42466_c0_g1_i1,G.TFLVWINEEDHTR.G,Y,46.46,1658.8053,13,-0.2,553.9423,3,32.23,1.56E6,3,10684,AK-181.raw,2,985,1023,,
6,8,odontosyllis_best|TRINITY_DN42466_c0_g1_i1,G.VVTEALASLDGEFK.G,Y,40.80,1477.7664,14,-1.6,739.8893,2,34.57,1.65E6,3,11745,AK-181.raw,2,784,825,,
6,8,odontosyllis_best|TRINITY_DN42466_c0_g1_i1,A.LQGGDDLDGNYVLSSR.G,Y,39.74,1707.8064,16,0.7,570.2765,3,27.71,5.36E5,3,8537,AK-181.raw,3,658,705,,
6,8,odontosyllis_best|TRINITY_DN42466_c0_g1_i1,G.DLLDPVIDGR.C,Y,31.46,1111.5873,10,-0.6,556.8006,2,35.14,8.83E6,3,11986,AK-181.raw,2,574,603,,
6,8,odontosyllis_best|TRINITY_DN42466_c0_g1_i1,A.LLVQMEK.C,Y,27.17,859.4837,7,-0.2,430.7490,2,20.39,1.19E6,3,5183,AK-181.raw,1,1393,1413,,
6,8,odontosyllis_best|TRINITY_DN42466_c0_g1_i1,T.GTGGVDTAAVGGTYDISNSDR.C,Y,25.65,2011.9082,21,1.0,671.6440,3,25.33,1.92E5,3,7399,AK-181.raw,2,1279,1341,,
6,8,odontosyllis_best|TRINITY_DN42466_c0_g1_i1,T.LDSILDKLR.C,Y,23.31,1071.6288,9,1.5,536.8224,2,26.97,4.4E5,3,8182,AK-181.raw,1,1240,1266,,
7,12,odontosyllis_best|TRINITY_DN43285_c4_g1_i1,T.TILGPTENIQSISR.C,Y,46.61,1527.8257,14,-0.2,764.9200,2,27.84,1.14E7,3,8604,AK-181.raw,2,616,657,,
7,12,odontosyllis_best|TRINITY_DN43285_c4_g1_i1,A.SGMYWMR.T,Y,37.16,929.3888,7,0.0,465.7017,2,24.85,6.97E5,3,7174,AK-181.raw,1,1432,1452,,
7,12,odontosyllis_best|TRINITY_DN43285_c4_g1_i1,T.DLVEYISSHYK.G,Y,34.34,1352.6611,11,0.7,677.3383,2,32.23,2.98E6,3,10683,AK-181.raw,1,661,693,,
7,12,odontosyllis_best|TRINITY_DN43285_c4_g1_i1,C.RVPVSELDAR.A,Y,33.63,1140.6251,10,-0.9,381.2153,3,16.73,8.91E4,3,3733,AK-181.raw,1,1282,1311,,
7,12,odontosyllis_best|TRINITY_DN43285_c4_g1_i1,A.SHGGGANLASQLAAK.T,Y,31.28,1380.7109,15,-0.2,461.2441,3,17.03,2.47E5,3,3844,AK-181.raw,1,964,1008,,
7,12,odontosyllis_best|TRINITY_DN43285_c4_g1_i1,G.LC(+57.02)SSVTEFEVQR.G,Y,31.18,1453.6871,12,-1.4,727.8499,2,25.36,1.99E6,3,7412,AK-181.raw,1,1150,1185,Carbamidomethylation,C2:Carbamidomethylation:1000.00
7,12,odontosyllis_best|TRINITY_DN43285_c4_g1_i1,A.STEPAVTTYEQTLLNVPETK.T,Y,26.97,2220.1162,20,4.5,741.0494,3,35.55,8.59E4,3,12169,AK-181.raw,1,106,165,,
7,12,odontosyllis_best|TRINITY_DN43285_c4_g1_i1,T.MVMAGAGGVNHEELVALAK.C,Y,25.61,1895.9597,19,-1.6,948.9856,2,27.35,8.54E4,3,8374,AK-181.raw,1,703,759,,
7,12,odontosyllis_best|TRINITY_DN43285_c4_g1_i1,G.IDAVDAQTVR.G,Y,25.29,1086.5669,10,0.0,544.2907,2,18.13,7.63E4,3,4263,AK-181.raw,1,1312,1341,,
7,12,odontosyllis_best|TRINITY_DN43285_c4_g1_i1,T.EQTLLNVPETK.T,Y,23.55,1270.6769,11,5.5,636.3492,2,24.64,5.02E5,3,7070,AK-181.raw,1,133,165,,
8,38,odontosyllis_best|TRINITY_DN41904_c0_g1_i1,T.YQGPTIPVR.A,N,39.08,1029.5607,9,-0.6,515.7873,2,21.80,4.25E5,3,5766,AK-181.raw,1,43,69,,
8,38,odontosyllis_best|TRINITY_DN41904_c0_g1_i1,A.SVEDWVNAR.C,Y,37.97,1074.5094,9,-0.4,538.2618,2,25.31,1.37E6,3,7386,AK-181.raw,1,409,435,,
8,38,odontosyllis_best|TRINITY_DN41904_c0_g1_i1,C.LTVQQMMQNK.T,N,35.81,1219.6053,10,-1.0,610.8093,2,24.13,1.5E6,3,6826,AK-181.raw,1,232,261,,
8,38,odontosyllis_best|TRINITY_DN41904_c0_g1_i1,C.SEQWWVGLMR.T,N,31.72,1290.6179,10,-0.1,646.3162,2,38.50,5.37E5,3,13345,AK-181.raw,1,175,204,,
8,38,odontosyllis_best|TRINITY_DN41904_c0_g1_i1,C.LATYC(+57.02)IER.C,N,28.81,1024.5011,8,0.1,513.2579,2,19.77,1.58E5,3,4895,AK-181.raw,1,508,531,Carbamidomethylation,C5:Carbamidomethylation:1000.00
8,38,odontosyllis_best|TRINITY_DN41904_c0_g1_i1,C.WLNNPIPR.T,N,23.83,1008.5505,8,-0.4,505.2823,2,25.17,1.3E5,3,7322,AK-181.raw,1,550,573,,
14,17,odontosyllis_best|TRINITY_DN44733_c12_g1_i5,C.LLLGTDSPALAQNR.T,Y,55.24,1467.8044,14,-1.5,734.9084,2,28.22,2.44E5,3,8792,AK-181.raw,1,2163,2204,,
14,17,odontosyllis_best|TRINITY_DN44733_c12_g1_i5,C.VGNLTFVVNNPEHVAK.A,Y,39.89,1736.9209,16,-0.9,579.9804,3,24.84,3E5,3,7167,AK-181.raw,1,1632,1679,,
14,17,odontosyllis_best|TRINITY_DN44733_c12_g1_i5,T.SQLTIIVR.T,Y,24.81,928.5706,8,-0.8,465.2922,2,24.00,1.26E5,3,6767,AK-181.raw,1,1602,1625,,
14,17,odontosyllis_best|TRINITY_DN44733_c12_g1_i5,T.TDDAKPVVLPVVR.C,Y,24.34,1407.8085,13,0.3,470.2769,3,23.48,1.82E5,3,6543,AK-181.raw,1,2298,2336,,
14,18,odontosyllis_best|TRINITY_DN44733_c12_g1_i1,C.LLLGTDSPALAQNR.T,Y,55.24,1467.8044,14,-1.5,734.9084,2,28.22,2.44E5,3,8792,AK-181.raw,1,2163,2204,,
14,18,odontosyllis_best|TRINITY_DN44733_c12_g1_i1,C.VGNLTFVVNNPEHVAK.A,Y,39.89,1736.9209,16,-0.9,579.9804,3,24.84,3E5,3,7167,AK-181.raw,1,1632,1679,,
14,18,odontosyllis_best|TRINITY_DN44733_c12_g1_i1,T.SQLTIIVR.T,Y,24.81,928.5706,8,-0.8,465.2922,2,24.00,1.26E5,3,6767,AK-181.raw,1,1602,1625,,
14,18,odontosyllis_best|TRINITY_DN44733_c12_g1_i1,T.TDDAKPVVLPVVR.C,Y,24.34,1407.8085,13,0.3,470.2769,3,23.48,1.82E5,3,6543,AK-181.raw,1,2298,2336,,
12,91,odontosyllis_best|TRINITY_DN10215_c0_g1_i1,G.WDTAAPEAILHAAGGK.C,Y,39.03,1606.8103,16,0.7,536.6111,3,30.60,2.32E6,3,9913,AK-181.raw,1,219,266,,
12,91,odontosyllis_best|TRINITY_DN10215_c0_g1_i1,A.AHAYVFASPGC(+57.02)K.A,Y,37.97,1306.6128,12,0.0,436.5449,3,17.54,,3,4032,AK-181.raw,1,180,215,Carbamidomethylation,C11:Carbamidomethylation:1000.00
12,91,odontosyllis_best|TRINITY_DN10215_c0_g1_i1,A.NSGGVLAVPK.G,Y,29.27,940.5342,10,0.1,471.2744,2,19.04,1.45E5,3,4616,AK-181.raw,1,321,350,,
12,91,odontosyllis_best|TRINITY_DN10215_c0_g1_i1,A.C(+57.02)APEGENIITTTR.T,Y,25.97,1460.6929,13,-0.3,731.3535,2,21.03,6.01E4,3,5444,AK-181.raw,1,33,71,Carbamidomethylation,C1:Carbamidomethylation:1000.00
11,4693,odontosyllis_best|TRINITY_DN45025_c5_g1_i1,C.VIQNLLSEPR.T,Y,34.03,1167.6611,10,0.1,584.8379,2,24.95,2.06E6,3,7221,AK-181.raw,1,290,319,,
11,4693,odontosyllis_best|TRINITY_DN45025_c5_g1_i1,G.INAYFDGFK.C,Y,30.14,1073.5182,9,-0.5,537.7661,2,28.52,2.05E6,3,8935,AK-181.raw,1,1229,1255,,
11,4693,odontosyllis_best|TRINITY_DN45025_c5_g1_i1,T.FIAGELPR.T,Y,25.46,901.5021,8,-3.1,451.7569,2,23.16,1.09E6,3,6392,AK-181.raw,1,944,967,,
11,4693,odontosyllis_best|TRINITY_DN45025_c5_g1_i1,C.LPDWFDASK.T,Y,25.20,1077.5131,9,-0.1,539.7637,2,32.90,8.91E5,3,11002,AK-181.raw,1,611,637,,
11,4693,odontosyllis_best|TRINITY_DN45025_c5_g1_i1,T.SDNIEDYLGSNVGYYR.C,Y,24.56,1863.8275,16,-0.3,932.9207,2,35.25,1.18E5,3,12031,AK-181.raw,1,1025,1072,,
13,129,odontosyllis_best|TRINITY_DN42321_c2_g1_i3,T.NVLFAHLDDSER.C,Y,38.00,1414.6841,12,3.3,708.3517,2,24.84,3.17E5,3,7168,AK-181.raw,1,3227,3262,,
13,129,odontosyllis_best|TRINITY_DN42321_c2_g1_i3,T.VLGPC(+57.02)GDILK.T,Y,29.96,1070.5793,10,-1.7,536.2960,2,25.62,6.45E5,3,7544,AK-181.raw,1,2564,2593,Carbamidomethylation,C5:Carbamidomethylation:1000.00
13,129,odontosyllis_best|TRINITY_DN42321_c2_g1_i3,T.VLGPC(+57.02)GDILKR.T,Y,29.28,1226.6805,11,-0.8,409.9005,3,21.27,2.61E5,3,5538,AK-181.raw,1,2561,2593,Carbamidomethylation,C5:Carbamidomethylation:1000.00
13,140,odontosyllis_best|TRINITY_DN42321_c2_g1_i4,T.NVLFAHLDDSER.C,Y,38.00,1414.6841,12,3.3,708.3517,2,24.84,3.17E5,3,7168,AK-181.raw,1,3228,3263,,
13,140,odontosyllis_best|TRINITY_DN42321_c2_g1_i4,T.VLGPC(+57.02)GDILK.T,Y,29.96,1070.5793,10,-1.7,536.2960,2,25.62,6.45E5,3,7544,AK-181.raw,1,2565,2594,Carbamidomethylation,C5:Carbamidomethylation:1000.00
13,140,odontosyllis_best|TRINITY_DN42321_c2_g1_i4,T.VLGPC(+57.02)GDILKR.T,Y,29.28,1226.6805,11,-0.8,409.9005,3,21.27,2.61E5,3,5538,AK-181.raw,1,2562,2594,Carbamidomethylation,C5:Carbamidomethylation:1000.00
13,130,odontosyllis_best|TRINITY_DN42321_c2_g1_i16,T.NVLFAHLDDSER.C,Y,38.00,1414.6841,12,3.3,708.3517,2,24.84,3.17E5,3,7168,AK-181.raw,1,3230,3265,,
13,130,odontosyllis_best|TRINITY_DN42321_c2_g1_i16,T.VLGPC(+57.02)GDILK.T,Y,29.96,1070.5793,10,-1.7,536.2960,2,25.62,6.45E5,3,7544,AK-181.raw,1,2567,2596,Carbamidomethylation,C5:Carbamidomethylation:1000.00
13,130,odontosyllis_best|TRINITY_DN42321_c2_g1_i16,T.VLGPC(+57.02)GDILKR.T,Y,29.28,1226.6805,11,-0.8,409.9005,3,21.27,2.61E5,3,5538,AK-181.raw,1,2564,2596,Carbamidomethylation,C5:Carbamidomethylation:1000.00
13,135,odontosyllis_best|TRINITY_DN42321_c2_g1_i18,T.NVLFAHLDDSER.C,Y,38.00,1414.6841,12,3.3,708.3517,2,24.84,3.17E5,3,7168,AK-181.raw,1,3227,3262,,
13,135,odontosyllis_best|TRINITY_DN42321_c2_g1_i18,T.VLGPC(+57.02)GDILK.T,Y,29.96,1070.5793,10,-1.7,536.2960,2,25.62,6.45E5,3,7544,AK-181.raw,1,2564,2593,Carbamidomethylation,C5:Carbamidomethylation:1000.00
13,135,odontosyllis_best|TRINITY_DN42321_c2_g1_i18,T.VLGPC(+57.02)GDILKR.T,Y,29.28,1226.6805,11,-0.8,409.9005,3,21.27,2.61E5,3,5538,AK-181.raw,1,2561,2593,Carbamidomethylation,C5:Carbamidomethylation:1000.00
13,136,odontosyllis_best|TRINITY_DN42321_c2_g1_i13,T.NVLFAHLDDSER.C,Y,38.00,1414.6841,12,3.3,708.3517,2,24.84,3.17E5,3,7168,AK-181.raw,1,3228,3263,,
13,136,odontosyllis_best|TRINITY_DN42321_c2_g1_i13,T.VLGPC(+57.02)GDILK.T,Y,29.96,1070.5793,10,-1.7,536.2960,2,25.62,6.45E5,3,7544,AK-181.raw,1,2565,2594,Carbamidomethylation,C5:Carbamidomethylation:1000.00
13,136,odontosyllis_best|TRINITY_DN42321_c2_g1_i13,T.VLGPC(+57.02)GDILKR.T,Y,29.28,1226.6805,11,-0.8,409.9005,3,21.27,2.61E5,3,5538,AK-181.raw,1,2562,2594,Carbamidomethylation,C5:Carbamidomethylation:1000.00
13,137,odontosyllis_best|TRINITY_DN42321_c2_g1_i15,T.NVLFAHLDDSER.C,Y,38.00,1414.6841,12,3.3,708.3517,2,24.84,3.17E5,3,7168,AK-181.raw,1,3230,3265,,
13,137,odontosyllis_best|TRINITY_DN42321_c2_g1_i15,T.VLGPC(+57.02)GDILK.T,Y,29.96,1070.5793,10,-1.7,536.2960,2,25.62,6.45E5,3,7544,AK-181.raw,1,2567,2596,Carbamidomethylation,C5:Carbamidomethylation:1000.00
13,137,odontosyllis_best|TRINITY_DN42321_c2_g1_i15,T.VLGPC(+57.02)GDILKR.T,Y,29.28,1226.6805,11,-0.8,409.9005,3,21.27,2.61E5,3,5538,AK-181.raw,1,2564,2596,Carbamidomethylation,C5:Carbamidomethylation:1000.00
13,131,odontosyllis_best|TRINITY_DN42321_c2_g1_i19,T.NVLFAHLDDSER.C,Y,38.00,1414.6841,12,3.3,708.3517,2,24.84,3.17E5,3,7168,AK-181.raw,1,3251,3286,,
13,131,odontosyllis_best|TRINITY_DN42321_c2_g1_i19,T.VLGPC(+57.02)GDILK.T,Y,29.96,1070.5793,10,-1.7,536.2960,2,25.62,6.45E5,3,7544,AK-181.raw,1,2588,2617,Carbamidomethylation,C5:Carbamidomethylation:1000.00
13,131,odontosyllis_best|TRINITY_DN42321_c2_g1_i19,T.VLGPC(+57.02)GDILKR.T,Y,29.28,1226.6805,11,-0.8,409.9005,3,21.27,2.61E5,3,5538,AK-181.raw,1,2585,2617,Carbamidomethylation,C5:Carbamidomethylation:1000.00
13,132,odontosyllis_best|TRINITY_DN42321_c2_g1_i7,T.NVLFAHLDDSER.C,Y,38.00,1414.6841,12,3.3,708.3517,2,24.84,3.17E5,3,7168,AK-181.raw,1,3252,3287,,
13,132,odontosyllis_best|TRINITY_DN42321_c2_g1_i7,T.VLGPC(+57.02)GDILK.T,Y,29.96,1070.5793,10,-1.7,536.2960,2,25.62,6.45E5,3,7544,AK-181.raw,1,2589,2618,Carbamidomethylation,C5:Carbamidomethylation:1000.00
13,132,odontosyllis_best|TRINITY_DN42321_c2_g1_i7,T.VLGPC(+57.02)GDILKR.T,Y,29.28,1226.6805,11,-0.8,409.9005,3,21.27,2.61E5,3,5538,AK-181.raw,1,2586,2618,Carbamidomethylation,C5:Carbamidomethylation:1000.00
13,134,odontosyllis_best|TRINITY_DN42321_c2_g1_i1,T.NVLFAHLDDSER.C,Y,38.00,1414.6841,12,3.3,708.3517,2,24.84,3.17E5,3,7168,AK-181.raw,1,3254,3289,,
13,134,odontosyllis_best|TRINITY_DN42321_c2_g1_i1,T.VLGPC(+57.02)GDILK.T,Y,29.96,1070.5793,10,-1.7,536.2960,2,25.62,6.45E5,3,7544,AK-181.raw,1,2591,2620,Carbamidomethylation,C5:Carbamidomethylation:1000.00
13,134,odontosyllis_best|TRINITY_DN42321_c2_g1_i1,T.VLGPC(+57.02)GDILKR.T,Y,29.28,1226.6805,11,-0.8,409.9005,3,21.27,2.61E5,3,5538,AK-181.raw,1,2588,2620,Carbamidomethylation,C5:Carbamidomethylation:1000.00
13,133,odontosyllis_best|TRINITY_DN42321_c2_g1_i8,T.NVLFAHLDDSER.C,Y,38.00,1414.6841,12,3.3,708.3517,2,24.84,3.17E5,3,7168,AK-181.raw,1,3253,3288,,
13,133,odontosyllis_best|TRINITY_DN42321_c2_g1_i8,T.VLGPC(+57.02)GDILK.T,Y,29.96,1070.5793,10,-1.7,536.2960,2,25.62,6.45E5,3,7544,AK-181.raw,1,2590,2619,Carbamidomethylation,C5:Carbamidomethylation:1000.00
13,133,odontosyllis_best|TRINITY_DN42321_c2_g1_i8,T.VLGPC(+57.02)GDILKR.T,Y,29.28,1226.6805,11,-0.8,409.9005,3,21.27,2.61E5,3,5538,AK-181.raw,1,2587,2619,Carbamidomethylation,C5:Carbamidomethylation:1000.00
13,138,odontosyllis_best|TRINITY_DN42321_c2_g1_i11,T.NVLFAHLDDSER.C,Y,38.00,1414.6841,12,3.3,708.3517,2,24.84,3.17E5,3,7168,AK-181.raw,1,3251,3286,,
13,138,odontosyllis_best|TRINITY_DN42321_c2_g1_i11,T.VLGPC(+57.02)GDILK.T,Y,29.96,1070.5793,10,-1.7,536.2960,2,25.62,6.45E5,3,7544,AK-181.raw,1,2588,2617,Carbamidomethylation,C5:Carbamidomethylation:1000.00
13,138,odontosyllis_best|TRINITY_DN42321_c2_g1_i11,T.VLGPC(+57.02)GDILKR.T,Y,29.28,1226.6805,11,-0.8,409.9005,3,21.27,2.61E5,3,5538,AK-181.raw,1,2585,2617,Carbamidomethylation,C5:Carbamidomethylation:1000.00
13,139,odontosyllis_best|TRINITY_DN42321_c2_g1_i20,T.NVLFAHLDDSER.C,Y,38.00,1414.6841,12,3.3,708.3517,2,24.84,3.17E5,3,7168,AK-181.raw,1,3254,3289,,
13,139,odontosyllis_best|TRINITY_DN42321_c2_g1_i20,T.VLGPC(+57.02)GDILK.T,Y,29.96,1070.5793,10,-1.7,536.2960,2,25.62,6.45E5,3,7544,AK-181.raw,1,2591,2620,Carbamidomethylation,C5:Carbamidomethylation:1000.00
13,139,odontosyllis_best|TRINITY_DN42321_c2_g1_i20,T.VLGPC(+57.02)GDILKR.T,Y,29.28,1226.6805,11,-0.8,409.9005,3,21.27,2.61E5,3,5538,AK-181.raw,1,2588,2620,Carbamidomethylation,C5:Carbamidomethylation:1000.00
16,27,odontosyllis_best|TRINITY_DN44735_c5_g1_i1,A.LIVSPYYPIK.A,Y,36.90,1191.6903,10,0.4,596.8527,2,31.11,1.04E6,3,10143,AK-181.raw,1,542,571,,
16,27,odontosyllis_best|TRINITY_DN44735_c5_g1_i1,A.NFEAFVTSYTK.G,Y,30.59,1305.6240,11,4.2,653.8220,2,31.78,4.96E5,3,10462,AK-181.raw,1,698,730,,
16,27,odontosyllis_best|TRINITY_DN44735_c5_g1_i1,A.HSLIYFGEVDC(+57.02)C(+57.02)EEK.G,Y,27.64,1884.8022,15,-2.2,629.2733,3,27.59,2.1E5,3,8487,AK-181.raw,1,809,853,Carbamidomethylation,C11:Carbamidomethylation:1000.00;C12:Carbamidomethylation:1000.00
16,28,odontosyllis_best|TRINITY_DN44735_c5_g1_i2,A.LIVSPYYPIK.A,Y,36.90,1191.6903,10,0.4,596.8527,2,31.11,1.04E6,3,10143,AK-181.raw,1,542,571,,
16,28,odontosyllis_best|TRINITY_DN44735_c5_g1_i2,A.NFEAFVTSYTK.G,Y,30.59,1305.6240,11,4.2,653.8220,2,31.78,4.96E5,3,10462,AK-181.raw,1,698,730,,
16,28,odontosyllis_best|TRINITY_DN44735_c5_g1_i2,A.HSLIYFGEVDC(+57.02)C(+57.02)EEK.G,Y,27.64,1884.8022,15,-2.2,629.2733,3,27.59,2.1E5,3,8487,AK-181.raw,1,809,853,Carbamidomethylation,C11:Carbamidomethylation:1000.00;C12:Carbamidomethylation:1000.00
25,141,odontosyllis_best|TRINITY_DN41904_c0_g1_i3,G.IAC(+57.02)PGMDVILSPNK.T,Y,43.48,1513.7633,14,-0.3,757.8887,2,30.85,1.21E6,3,10021,AK-181.raw,1,48,89,Carbamidomethylation,C3:Carbamidomethylation:1000.00
25,141,odontosyllis_best|TRINITY_DN41904_c0_g1_i3,C.LATYC(+57.02)IER.T,N,28.81,1024.5011,8,0.1,513.2579,2,19.77,1.58E5,3,4895,AK-181.raw,1,294,317,Carbamidomethylation,C5:Carbamidomethylation:1000.00
10,21,odontosyllis_best|TRINITY_DN36609_c0_g1_i1,T.IDAMSAGLQDYAR.C,Y,32.35,1409.6609,13,1.1,705.8385,2,28.27,1.44E6,3,8817,AK-181.raw,1,878,916,,
10,21,odontosyllis_best|TRINITY_DN36609_c0_g1_i1,A.LLGMDLVR.T,Y,28.64,915.5212,8,0.3,458.7680,2,32.01,2.64E6,3,10575,AK-181.raw,1,1157,1180,,
15,4699,odontosyllis_best|TRINITY_DN45378_c5_g1_i4,C.DGPIDFPQYK.C,Y,30.89,1178.5608,10,1.0,590.2883,2,30.27,1.02E5,3,9755,AK-181.raw,1,2923,2952,,
15,4699,odontosyllis_best|TRINITY_DN45378_c5_g1_i4,A.WFVLTPGK.T,Y,30.78,946.5276,8,-0.7,474.2707,2,31.47,1.91E5,3,10312,AK-181.raw,1,2431,2454,,
37,42,odontosyllis_best|TRINITY_DN47034_c9_g1_i2,T.YQGPTIPVR.A,N,39.08,1029.5607,9,-0.6,515.7873,2,21.80,4.25E5,3,5766,AK-181.raw,1,234,260,,
37,42,odontosyllis_best|TRINITY_DN47034_c9_g1_i2,C.SAELAPADYATYYC(+57.02)YK.A,Y,34.88,1884.8240,16,1.0,943.4202,2,31.54,9.2E4,3,10347,AK-181.raw,1,519,566,Carbamidomethylation,C14:Carbamidomethylation:1000.00
37,43,odontosyllis_best|TRINITY_DN47034_c9_g1_i9,T.YQGPTIPVR.A,N,39.08,1029.5607,9,-0.6,515.7873,2,21.80,4.25E5,3,5766,AK-181.raw,1,234,260,,
37,43,odontosyllis_best|TRINITY_DN47034_c9_g1_i9,C.SAELAPADYATYYC(+57.02)YK.A,Y,34.88,1884.8240,16,1.0,943.4202,2,31.54,9.2E4,3,10347,AK-181.raw,1,519,566,Carbamidomethylation,C14:Carbamidomethylation:1000.00
20,203,odontosyllis_best|TRINITY_DN33838_c0_g1_i1,C.NAPPVLISMR.C,Y,35.88,1096.6063,10,1.3,549.3112,2,26.97,3.82E5,3,8183,AK-181.raw,1,812,841,,
20,203,odontosyllis_best|TRINITY_DN33838_c0_g1_i1,T.DGNIFTTGFSR.C,Y,28.03,1213.5728,11,-0.5,607.7933,2,32.26,1.29E6,3,10698,AK-181.raw,1,1265,1297,,
27,4700,odontosyllis_best|TRINITY_DN46348_c4_g3_i1,G.EHALLAYTLGVK.A,Y,39.65,1313.7343,12,0.6,438.9190,3,27.25,4.49E4,3,8325,AK-181.raw,1,1506,1541,,
34,49,odontosyllis_best|TRINITY_DN43505_c5_g1_i4,C.NHLLYFLSK.T,Y,36.26,1133.6233,9,-0.6,378.8815,3,27.23,1.44E5,3,8310,AK-181.raw,1,464,490,,
34,49,odontosyllis_best|TRINITY_DN43505_c5_g1_i4,C.ALVPEYIK.C,Y,31.01,931.5378,8,1.3,466.7768,2,25.10,6.74E5,3,7290,AK-181.raw,1,1055,1078,,
34,35,odontosyllis_best|TRINITY_DN43505_c5_g1_i8,C.NHLLYFLSK.T,Y,36.26,1133.6233,9,-0.6,378.8815,3,27.23,1.44E5,3,8310,AK-181.raw,1,2070,2096,,
34,35,odontosyllis_best|TRINITY_DN43505_c5_g1_i8,C.ALVPEYIK.C,Y,31.01,931.5378,8,1.3,466.7768,2,25.10,6.74E5,3,7290,AK-181.raw,1,2661,2684,,
34,36,odontosyllis_best|TRINITY_DN43505_c5_g1_i3,C.NHLLYFLSK.T,Y,36.26,1133.6233,9,-0.6,378.8815,3,27.23,1.44E5,3,8310,AK-181.raw,1,2110,2136,,
34,36,odontosyllis_best|TRINITY_DN43505_c5_g1_i3,C.ALVPEYIK.C,Y,31.01,931.5378,8,1.3,466.7768,2,25.10,6.74E5,3,7290,AK-181.raw,1,2701,2724,,
21,99,odontosyllis_best|TRINITY_DN41712_c2_g4_i1,A.EIEWVDSAYR.T,Y,31.75,1266.5880,10,0.7,634.3017,2,29.14,2.54E5,3,9213,AK-181.raw,1,516,545,,
21,99,odontosyllis_best|TRINITY_DN41712_c2_g4_i1,G.AAPEMISLIK.C,Y,25.90,1071.5997,10,-0.5,536.8069,2,30.18,5.17E5,3,9716,AK-181.raw,1,1221,1250,,
21,100,odontosyllis_best|TRINITY_DN41712_c2_g4_i2,A.EIEWVDSAYR.T,Y,31.75,1266.5880,10,0.7,634.3017,2,29.14,2.54E5,3,9213,AK-181.raw,1,516,545,,
21,100,odontosyllis_best|TRINITY_DN41712_c2_g4_i2,G.AAPEMISLIK.C,Y,25.90,1071.5997,10,-0.5,536.8069,2,30.18,5.17E5,3,9716,AK-181.raw,1,1221,1250,,
22,292,odontosyllis_best|TRINITY_DN72587_c0_g1_i1,C.LVAASVSVSHR.C,Y,29.48,1124.6301,11,-0.2,563.3222,2,15.99,6.8E4,3,3469,AK-181.raw,1,255,287,,
22,292,odontosyllis_best|TRINITY_DN72587_c0_g1_i1,G.C(+57.02)IMASLYK.C,Y,28.69,984.4772,8,-0.4,493.2457,2,24.08,1.64E6,3,6805,AK-181.raw,1,129,152,Carbamidomethylation,C1:Carbamidomethylation:1000.00
50,179,odontosyllis_best|TRINITY_DN44194_c3_g1_i4,T.LVQNC(+57.02)LWTLR.C,Y,38.75,1301.6914,10,0.4,651.8532,2,31.17,,3,10171,AK-181.raw,1,3791,3820,Carbamidomethylation,C5:Carbamidomethylation:1000.00
50,180,odontosyllis_best|TRINITY_DN44194_c3_g1_i5,T.LVQNC(+57.02)LWTLR.C,Y,38.75,1301.6914,10,0.4,651.8532,2,31.17,,3,10171,AK-181.raw,1,3809,3838,Carbamidomethylation,C5:Carbamidomethylation:1000.00
50,181,odontosyllis_best|TRINITY_DN44194_c3_g1_i9,T.LVQNC(+57.02)LWTLR.C,Y,38.75,1301.6914,10,0.4,651.8532,2,31.17,,3,10171,AK-181.raw,1,3815,3844,Carbamidomethylation,C5:Carbamidomethylation:1000.00
50,182,odontosyllis_best|TRINITY_DN44194_c3_g1_i10,T.LVQNC(+57.02)LWTLR.C,Y,38.75,1301.6914,10,0.4,651.8532,2,31.17,,3,10171,AK-181.raw,1,3833,3862,Carbamidomethylation,C5:Carbamidomethylation:1000.00
50,170,odontosyllis_best|TRINITY_DN44194_c3_g1_i11,T.LVQNC(+57.02)LWTLR.C,Y,38.75,1301.6914,10,0.4,651.8532,2,31.17,,3,10171,AK-181.raw,1,3749,3778,Carbamidomethylation,C5:Carbamidomethylation:1000.00
50,171,odontosyllis_best|TRINITY_DN44194_c3_g1_i7,T.LVQNC(+57.02)LWTLR.C,Y,38.75,1301.6914,10,0.4,651.8532,2,31.17,,3,10171,AK-181.raw,1,3767,3796,Carbamidomethylation,C5:Carbamidomethylation:1000.00
50,172,odontosyllis_best|TRINITY_DN44194_c3_g1_i3,T.LVQNC(+57.02)LWTLR.C,Y,38.75,1301.6914,10,0.4,651.8532,2,31.17,,3,10171,AK-181.raw,1,3773,3802,Carbamidomethylation,C5:Carbamidomethylation:1000.00
50,173,odontosyllis_best|TRINITY_DN44194_c3_g1_i12,T.LVQNC(+57.02)LWTLR.C,Y,38.75,1301.6914,10,0.4,651.8532,2,31.17,,3,10171,AK-181.raw,1,3791,3820,Carbamidomethylation,C5:Carbamidomethylation:1000.00
50,174,odontosyllis_best|TRINITY_DN44194_c3_g1_i1,T.LVQNC(+57.02)LWTLR.C,Y,38.75,1301.6914,10,0.4,651.8532,2,31.17,,3,10171,AK-181.raw,1,3791,3820,Carbamidomethylation,C5:Carbamidomethylation:1000.00
50,175,odontosyllis_best|TRINITY_DN44194_c3_g1_i6,T.LVQNC(+57.02)LWTLR.C,Y,38.75,1301.6914,10,0.4,651.8532,2,31.17,,3,10171,AK-181.raw,1,3809,3838,Carbamidomethylation,C5:Carbamidomethylation:1000.00
50,176,odontosyllis_best|TRINITY_DN44194_c3_g1_i8,T.LVQNC(+57.02)LWTLR.C,Y,38.75,1301.6914,10,0.4,651.8532,2,31.17,,3,10171,AK-181.raw,1,3815,3844,Carbamidomethylation,C5:Carbamidomethylation:1000.00
50,177,odontosyllis_best|TRINITY_DN44194_c3_g1_i13,T.LVQNC(+57.02)LWTLR.C,Y,38.75,1301.6914,10,0.4,651.8532,2,31.17,,3,10171,AK-181.raw,1,3833,3862,Carbamidomethylation,C5:Carbamidomethylation:1000.00
26,71,odontosyllis_best|TRINITY_DN27005_c0_g1_i1,T.GNLDEPVADLIAHQR.C,Y,28.67,1646.8376,15,0.6,549.9535,3,29.57,1.08E6,3,9428,AK-181.raw,1,103,147,,
26,71,odontosyllis_best|TRINITY_DN27005_c0_g1_i1,C.IWQVPDGGLK.C,Y,28.35,1111.6025,10,-0.9,556.8080,2,28.34,8.02E5,3,8850,AK-181.raw,1,148,177,,
18,45,odontosyllis_best|TRINITY_DN42583_c3_g1_i1,G.IC(+57.02)DFGLAR.G,Y,25.23,950.4644,8,0.3,476.2396,2,24.42,8.66E5,3,6966,AK-181.raw,1,235,258,Carbamidomethylation,C2:Carbamidomethylation:1000.00
18,45,odontosyllis_best|TRINITY_DN42583_c3_g1_i1,A.ALDLLGR.A,Y,24.85,756.4493,7,-0.9,379.2316,2,25.88,2.94E6,3,7662,AK-181.raw,1,598,618,,
53,4701,odontosyllis_best|TRINITY_DN41934_c2_g3_i1,C.VTEQVLAFQYK.T,Y,38.73,1324.7026,11,-1.5,663.3576,2,28.33,3.49E5,3,8846,AK-181.raw,1,1427,1459,,
53,4702,odontosyllis_best|TRINITY_DN41934_c2_g3_i2,C.VTEQVLAFQYK.T,Y,38.73,1324.7026,11,-1.5,663.3576,2,28.33,3.49E5,3,8846,AK-181.raw,1,1427,1459,,
23,52,odontosyllis_best|TRINITY_DN41547_c4_g1_i1,A.VVDLLAPYAK.G,Y,29.47,1087.6277,10,0.2,544.8212,2,30.79,2.23E5,3,9994,AK-181.raw,1,648,677,,
23,52,odontosyllis_best|TRINITY_DN41547_c4_g1_i1,T.IINVIGEPIDER.G,Y,25.26,1366.7456,12,-1.3,684.3792,2,29.91,1.98E5,3,9590,AK-181.raw,1,513,548,,
19,103,odontosyllis_best|TRINITY_DN35599_c0_g1_i2,A.ADQKPGFFGLK.G,Y,28.79,1206.6396,11,-5.4,403.2183,3,22.88,1.01E5,3,6248,AK-181.raw,1,933,965,,
49,185,odontosyllis_best|TRINITY_DN43778_c4_g5_i2,A.AVDTVIDLTK.G,Y,32.72,1073.5968,10,0.5,537.8060,2,27.25,3E5,3,8322,AK-181.raw,1,740,769,,
49,185,odontosyllis_best|TRINITY_DN43778_c4_g5_i2,A.SPALAALQVK.C,Y,26.61,996.5967,10,-0.6,499.3054,2,23.91,1.98E5,3,6729,AK-181.raw,1,317,346,,
49,186,odontosyllis_best|TRINITY_DN43778_c4_g5_i1,A.AVDTVIDLTK.G,Y,32.72,1073.5968,10,0.5,537.8060,2,27.25,3E5,3,8322,AK-181.raw,1,736,765,,
49,186,odontosyllis_best|TRINITY_DN43778_c4_g5_i1,A.SPALAALQVK.C,Y,26.61,996.5967,10,-0.6,499.3054,2,23.91,1.98E5,3,6729,AK-181.raw,1,313,342,,
28,68,odontosyllis_best|TRINITY_DN34572_c0_g1_i3,A.IYLEFNK.A,Y,27.02,925.4909,7,0.2,463.7528,2,25.56,2.75E5,3,7513,AK-181.raw,1,63,83,,
28,69,odontosyllis_best|TRINITY_DN34572_c0_g1_i1,A.IYLEFNK.A,Y,27.02,925.4909,7,0.2,463.7528,2,25.56,2.75E5,3,7513,AK-181.raw,1,63,83,,
28,70,odontosyllis_best|TRINITY_DN34572_c0_g1_i2,A.IYLEFNK.A,Y,27.02,925.4909,7,0.2,463.7528,2,25.56,2.75E5,3,7513,AK-181.raw,1,63,83,,
38,75,odontosyllis_best|TRINITY_DN45713_c4_g1_i5,A.AEVLGDLALK.G,Y,33.50,1027.5913,10,0.1,514.8030,2,29.03,4.1E5,3,9164,AK-181.raw,1,1244,1273,,
38,114,odontosyllis_best|TRINITY_DN45713_c4_g1_i4,A.AEVLGDLALK.G,Y,33.50,1027.5913,10,0.1,514.8030,2,29.03,4.1E5,3,9164,AK-181.raw,1,1143,1172,,
38,115,odontosyllis_best|TRINITY_DN45713_c4_g1_i12,A.AEVLGDLALK.G,Y,33.50,1027.5913,10,0.1,514.8030,2,29.03,4.1E5,3,9164,AK-181.raw,1,1143,1172,,
30,349,odontosyllis_best|TRINITY_DN44387_c5_g2_i1,C.LIDDHYLFR.C,Y,32.93,1190.6084,9,-1.9,397.8760,3,27.02,1.33E6,3,8210,AK-181.raw,1,1075,1101,,
52,97,odontosyllis_best|TRINITY_DN46034_c4_g1_i1,G.IYDFYGK.G,Y,28.61,904.4330,7,-0.1,453.2238,2,23.89,1.23E5,3,6719,AK-181.raw,1,703,723,,
52,97,odontosyllis_best|TRINITY_DN46034_c4_g1_i1,A.NELIPENDFFVPGR.A,Y,23.58,1645.8099,14,0.7,823.9128,2,37.78,1.16E5,3,13071,AK-181.raw,1,352,393,,
52,98,odontosyllis_best|TRINITY_DN46034_c4_g1_i2,G.IYDFYGK.G,Y,28.61,904.4330,7,-0.1,453.2238,2,23.89,1.23E5,3,6719,AK-181.raw,1,726,746,,
52,98,odontosyllis_best|TRINITY_DN46034_c4_g1_i2,A.NELIPENDFFVPGR.A,Y,23.58,1645.8099,14,0.7,823.9128,2,37.78,1.16E5,3,13071,AK-181.raw,1,375,416,,
117,4703,odontosyllis_best|TRINITY_DN76983_c0_g1_i1,A.LLTYSLYR.A,Y,36.68,1027.5702,8,0.2,514.7925,2,27.43,1.85E6,3,8410,AK-181.raw,1,62,85,,
55,25,odontosyllis_best|TRINITY_DN36784_c0_g1_i1,A.DLLAQLHR.T,Y,28.12,964.5454,8,1.7,483.2808,2,24.62,1.28E5,3,7062,AK-181.raw,1,734,757,,
42,4722,odontosyllis_best|TRINITY_DN43769_c1_g1_i7,A.VTFYFR.T,Y,24.63,831.4279,6,0.0,416.7212,2,26.57,2.05E5,3,7985,AK-181.raw,1,1961,1978,,
42,4724,odontosyllis_best|TRINITY_DN43769_c1_g1_i11,A.VTFYFR.T,Y,24.63,831.4279,6,0.0,416.7212,2,26.57,2.05E5,3,7985,AK-181.raw,1,1991,2008,,
42,2840,odontosyllis_best|TRINITY_DN43769_c1_g1_i13,A.VTFYFR.T,Y,24.63,831.4279,6,0.0,416.7212,2,26.57,2.05E5,3,7985,AK-181.raw,1,2026,2043,,
42,4725,odontosyllis_best|TRINITY_DN43769_c1_g1_i17,A.VTFYFR.T,Y,24.63,831.4279,6,0.0,416.7212,2,26.57,2.05E5,3,7985,AK-181.raw,1,2036,2053,,
42,4727,odontosyllis_best|TRINITY_DN43769_c1_g1_i25,A.VTFYFR.T,Y,24.63,831.4279,6,0.0,416.7212,2,26.57,2.05E5,3,7985,AK-181.raw,1,2101,2118,,
42,4728,odontosyllis_best|TRINITY_DN43769_c1_g1_i10,A.VTFYFR.T,Y,24.63,831.4279,6,0.0,416.7212,2,26.57,2.05E5,3,7985,AK-181.raw,1,2108,2125,,
42,4731,odontosyllis_best|TRINITY_DN43769_c1_g1_i9,A.VTFYFR.T,Y,24.63,831.4279,6,0.0,416.7212,2,26.57,2.05E5,3,7985,AK-181.raw,1,2173,2190,,
82,2696,odontosyllis_best|TRINITY_DN44651_c4_g1_i1,A.GYIYTIGPLK.G,Y,33.92,1123.6277,10,-2.0,562.8200,2,30.48,5.42E5,3,9859,AK-181.raw,1,1108,1137,,
82,2698,odontosyllis_best|TRINITY_DN44651_c4_g1_i8,A.GYIYTIGPLK.G,Y,33.92,1123.6277,10,-2.0,562.8200,2,30.48,5.42E5,3,9859,AK-181.raw,1,822,851,,
82,2697,odontosyllis_best|TRINITY_DN44651_c4_g1_i3,A.GYIYTIGPLK.G,Y,33.92,1123.6277,10,-2.0,562.8200,2,30.48,5.42E5,3,9859,AK-181.raw,1,420,449,,
82,2735,odontosyllis_best|TRINITY_DN44651_c4_g1_i2,A.GYIYTIGPLK.G,Y,33.92,1123.6277,10,-2.0,562.8200,2,30.48,5.42E5,3,9859,AK-181.raw,1,453,482,,
82,2736,odontosyllis_best|TRINITY_DN44651_c4_g1_i6,A.GYIYTIGPLK.G,Y,33.92,1123.6277,10,-2.0,562.8200,2,30.48,5.42E5,3,9859,AK-181.raw,1,478,507,,
40,234,odontosyllis_best|TRINITY_DN33336_c0_g1_i1,C.QLLLTVGK.A,Y,23.47,870.5538,8,-0.9,436.2838,2,24.67,1.21E5,3,7086,AK-181.raw,1,318,341,,
100,89,odontosyllis_best|TRINITY_DN40311_c4_g1_i2,G.FPAENDFPDLTK.C,Y,32.17,1392.6561,12,-0.9,697.3347,2,32.15,4.72E5,3,10643,AK-181.raw,1,192,227,,
100,90,odontosyllis_best|TRINITY_DN40311_c4_g1_i1,G.FPAENDFPDLTK.C,Y,32.17,1392.6561,12,-0.9,697.3347,2,32.15,4.72E5,3,10643,AK-181.raw,1,269,304,,
100,165,odontosyllis_best|TRINITY_DN40311_c4_g1_i3,G.FPAENDFPDLTK.C,Y,32.17,1392.6561,12,-0.9,697.3347,2,32.15,4.72E5,3,10643,AK-181.raw,1,192,227,,
56,4719,odontosyllis_best|TRINITY_DN44866_c3_g1_i4,G.NVPFFH.T,Y,23.22,759.3704,6,-1.3,380.6920,2,26.86,2.47E5,3,8128,AK-181.raw,1,1133,1150,,
56,437,odontosyllis_best|TRINITY_DN44866_c3_g1_i1,G.NVPFFH.T,Y,23.22,759.3704,6,-1.3,380.6920,2,26.86,2.47E5,3,8128,AK-181.raw,1,1133,1150,,
101,2760,odontosyllis_best|TRINITY_DN41666_c2_g1_i1,C.GLFIIDDK.C,Y,30.28,919.5015,8,-0.4,460.7578,2,31.37,4.12E5,3,10264,AK-181.raw,1,481,504,,
101,2761,odontosyllis_best|TRINITY_DN41666_c2_g1_i2,C.GLFIIDDK.C,Y,30.28,919.5015,8,-0.4,460.7578,2,31.37,4.12E5,3,10264,AK-181.raw,1,481,504,,
118,4706,odontosyllis_best|TRINITY_DN36138_c0_g1_i1,A.GFIDQELSR.T,Y,30.26,1063.5298,9,-2.2,532.7710,2,26.44,1.17E5,3,7919,AK-181.raw,1,433,459,,
120,2839,odontosyllis_best|TRINITY_DN44796_c1_g1_i1,A.GVLSELTGR.T,Y,28.19,930.5134,9,0.4,466.2642,2,27.43,1.14E5,3,8411,AK-181.raw,1,1612,1638,,
119,4707,odontosyllis_best|TRINITY_DN42143_c7_g9_i2,A.DIPDELLYGR.G,Y,28.12,1189.5979,10,-3.7,595.8040,2,35.72,1.29E5,3,12247,AK-181.raw,1,618,647,,
119,4708,odontosyllis_best|TRINITY_DN42143_c7_g9_i3,A.DIPDELLYGR.G,Y,28.12,1189.5979,10,-3.7,595.8040,2,35.72,1.29E5,3,12247,AK-181.raw,1,1487,1516,,
121,4710,odontosyllis_best|TRINITY_DN88284_c0_g1_i1,A.AGLQFPVGR.A,Y,26.80,943.5239,9,-0.8,472.7689,2,25.86,6.08E5,3,7648,AK-181.raw,1,144,170,,
123,2781,odontosyllis_best|TRINITY_DN41085_c7_g1_i1,T.EYIYFLK.T,Y,26.69,974.5113,7,-0.3,488.2628,2,32.91,6.14E5,3,11009,AK-181.raw,1,49,69,,
123,2790,odontosyllis_best|TRINITY_DN24389_c0_g1_i1,A.EYLYFLK.T,Y,26.69,974.5113,7,-0.3,488.2628,2,32.91,6.14E5,3,11009,AK-181.raw,1,664,684,,
124,321,odontosyllis_best|TRINITY_DN46700_c5_g3_i1,A.ILAIFDK.T,Y,26.30,818.4902,7,-0.1,410.2523,2,29.29,6.09E5,3,9291,AK-181.raw,1,137,157,,
124,322,odontosyllis_best|TRINITY_DN26682_c0_g1_i1,T.ILALFDK.T,Y,26.30,818.4902,7,-0.1,410.2523,2,29.29,6.09E5,3,9291,AK-181.raw,1,60,80,,
124,329,odontosyllis_best|TRINITY_DN45820_c8_g1_i1,G.IIALFDK.A,Y,26.30,818.4902,7,-0.1,410.2523,2,29.29,6.09E5,3,9291,AK-181.raw,1,561,581,,
124,331,odontosyllis_best|TRINITY_DN44039_c0_g3_i1,G.ILALFDK.C,Y,26.30,818.4902,7,-0.1,410.2523,2,29.29,6.09E5,3,9291,AK-181.raw,1,435,455,,
124,335,odontosyllis_best|TRINITY_DN40666_c1_g8_i5,C.LIALFDK.A,Y,26.30,818.4902,7,-0.1,410.2523,2,29.29,6.09E5,3,9291,AK-181.raw,1,1194,1214,,
74,48,odontosyllis_best|TRINITY_DN46522_c1_g2_i2,C.FSTAGPVLSIR.T,Y,25.75,1146.6396,11,-0.7,574.3267,2,27.97,1.52E5,3,8668,AK-181.raw,1,5211,5243,,
125,4713,odontosyllis_best|TRINITY_DN91479_c0_g1_i1,T.VLELPYK.T,Y,24.49,860.5007,7,-0.4,431.2575,2,24.59,8.06E5,3,7047,AK-181.raw,1,184,204,,
125,4714,odontosyllis_best|TRINITY_DN41790_c6_g1_i1,C.VLEIPYK.A,Y,24.49,860.5007,7,-0.4,431.2575,2,24.59,8.06E5,3,7047,AK-181.raw,1,260,280,,
125,4715,odontosyllis_best|TRINITY_DN42388_c5_g3_i2,C.VLEIPYK.A,Y,24.49,860.5007,7,-0.4,431.2575,2,24.59,8.06E5,3,7047,AK-181.raw,1,69,89,,
125,4716,odontosyllis_best|TRINITY_DN42388_c5_g3_i1,C.VLEIPYK.A,Y,24.49,860.5007,7,-0.4,431.2575,2,24.59,8.06E5,3,7047,AK-181.raw,1,69,89,,
128,74,odontosyllis_best|TRINITY_DN43127_c1_g7_i1,C.NPFLLVK.C,Y,24.07,829.5062,7,-1.1,415.7599,2,27.48,6.58E5,3,8433,AK-181.raw,1,242,262,,
128,33,odontosyllis_best|TRINITY_DN43127_c1_g6_i1,C.NPFLLVK.C,Y,24.07,829.5062,7,-1.1,415.7599,2,27.48,6.58E5,3,8433,AK-181.raw,1,1036,1056,,
128,34,odontosyllis_best|TRINITY_DN43127_c1_g6_i2,C.NPFLLVK.C,Y,24.07,829.5062,7,-1.1,415.7599,2,27.48,6.58E5,3,8433,AK-181.raw,1,1036,1056,,
102,245,odontosyllis_best|TRINITY_DN41824_c8_g1_i1,G.NLLSVAYK.A,Y,23.76,906.5175,8,-0.6,454.2657,2,24.77,4E5,3,7133,AK-181.raw,1,231,254,,
102,2869,odontosyllis_best|TRINITY_DN55221_c0_g1_i1,A.NLLSVAYK.A,Y,23.76,906.5175,8,-0.6,454.2657,2,24.77,4E5,3,7133,AK-181.raw,1,130,153,,
126,261,odontosyllis_best|TRINITY_DN39408_c0_g1_i1,G.FFILPVEK.A,Y,23.74,991.5742,8,-0.5,496.7942,2,34.24,8.87E5,3,11594,AK-181.raw,1,423,446,,
127,286,odontosyllis_best|TRINITY_DN40296_c6_g1_i2,A.LTPTVFTR.G,Y,23.34,933.5283,8,0.4,467.7716,2,22.65,9.05E4,3,6139,AK-181.raw,1,525,548,,
127,288,odontosyllis_best|TRINITY_DN40296_c6_g1_i4,A.LTPTVFTR.G,Y,23.34,933.5283,8,0.4,467.7716,2,22.65,9.05E4,3,6139,AK-181.raw,1,1111,1134,,
