Peptide,-10lgP,Mass,Length,ppm,m/z,RT,Area,Fraction,Scan,Source File,#Spec,Accession,PTM,AScore,Area [F1]
DLYAN(+.98)TVLSGGTTMYPGIADR,70.96,2215.0466,21,2.4,1108.5332,40.10,5.98E6,1,14196,AK-171.raw,1,odontosyllis_best|TRINITY_DN44444_c3_g2_i1,Deamidation (NQ),N5:Deamidation (NQ):1000.00,5.98E6
VAPEEHPVLLTEAPLNPK,61.04,1953.0570,18,0.7,977.5364,27.46,1.65E8,1,8478,AK-171.raw,9,odontosyllis_best|TRINITY_DN44444_c3_g2_i1:odontosyllis_best|TRINITY_DN47012_c9_g1_i7,,,3.25E9
LLLGTDSPALAQNR,60.99,1467.8044,14,1.1,734.9103,28.21,1.75E6,1,8845,AK-171.raw,2,odontosyllis_best|TRINITY_DN44733_c12_g1_i5:odontosyllis_best|TRINITY_DN44733_c12_g1_i1,,,1.9E6
DLYANTVLSGGTTMYPGIADR,58.77,2214.0627,21,4.7,739.0317,39.76,3.92E7,1,14042,AK-171.raw,3,odontosyllis_best|TRINITY_DN44444_c3_g2_i1,,,4.92E7
LQGGDDLDGNYVLSSR,55.02,1707.8064,16,3.7,854.9136,28.17,1.79E5,1,8826,AK-171.raw,2,odontosyllis_best|TRINITY_DN42466_c0_g1_i1,,,6.54E6
DLYAN(+.98)TVLSGGTTM(+15.99)YPGIADR,53.74,2231.0415,21,4.7,744.6913,36.98,1.09E6,1,12893,AK-171.raw,1,odontosyllis_best|TRINITY_DN44444_c3_g2_i1,Deamidation (NQ); Oxidation (M),N5:Deamidation (NQ):1000.00;M14:Oxidation (M):1000.00,1.09E6
GTGGESSLAEDSVYDVSNIAR,53.64,2125.9763,21,-0.5,1063.9949,32.84,1.9E5,1,11059,AK-171.raw,1,odontosyllis_best|TRINITY_DN29790_c0_g1_i1,,,1.9E5
QEYDESGPSIVHR,52.82,1515.6953,13,3.4,506.2408,17.69,4.66E7,1,4110,AK-171.raw,2,odontosyllis_best|TRINITY_DN47012_c9_g1_i7,,,5.96E7
SYELPDGQVITIGN(+.98)ER,52.10,1790.8687,16,0.7,896.4423,37.14,6.82E6,1,12963,AK-171.raw,3,odontosyllis_best|TRINITY_DN44444_c3_g2_i1:odontosyllis_best|TRINITY_DN47012_c9_g1_i7,Deamidation (NQ),N14:Deamidation (NQ):65.52,1.71E7
SYELPDGQVITIGNER,51.23,1789.8846,16,3.5,895.9528,34.62,1.08E9,1,11874,AK-171.raw,16,odontosyllis_best|TRINITY_DN44444_c3_g2_i1:odontosyllis_best|TRINITY_DN47012_c9_g1_i7,,,1.38E9
PEEHPVLLTEAPLNPK,50.52,1782.9515,16,-1.9,595.3233,27.12,2.07E5,1,8307,AK-171.raw,1,odontosyllis_best|TRINITY_DN44444_c3_g2_i1:odontosyllis_best|TRINITY_DN47012_c9_g1_i7,,,2.07E5
HQGVM(+15.99)VGMGQK,49.63,1186.5587,11,-0.4,594.2864,14.25,2.55E6,1,2862,AK-171.raw,1,odontosyllis_best|TRINITY_DN44444_c3_g2_i1:odontosyllis_best|TRINITY_DN47012_c9_g1_i7,Oxidation (M),M5:Oxidation (M):53.53,2.55E6
VTAEALATLDGDLK,49.35,1415.7507,14,8.2,708.8884,32.28,6.22E5,1,10797,AK-171.raw,1,odontosyllis_best|TRINITY_DN11841_c0_g1_i1,,,6.22E5
FTQAGSEVSALLGR,48.79,1434.7467,14,0.6,718.3810,31.72,4.48E5,1,10515,AK-171.raw,1,odontosyllis_best|TRINITY_DN41547_c4_g1_i1,,,4.48E5
HQGVMVGMGQK,48.43,1170.5638,11,2.7,391.1963,15.42,6.25E6,1,3268,AK-171.raw,1,odontosyllis_best|TRINITY_DN44444_c3_g2_i1:odontosyllis_best|TRINITY_DN47012_c9_g1_i7,,,6.25E6
RGTGGESSLAEDSVYDVSNIAR,48.01,2282.0774,22,0.5,761.7001,28.39,5.59E5,1,8933,AK-171.raw,1,odontosyllis_best|TRINITY_DN29790_c0_g1_i1,,,5.59E5
SYELPDGQ(+.98)VITIGNER,47.84,1790.8687,16,2.2,896.4436,35.13,9.27E6,1,12093,AK-171.raw,1,odontosyllis_best|TRINITY_DN44444_c3_g2_i1:odontosyllis_best|TRINITY_DN47012_c9_g1_i7,Deamidation (NQ),Q8:Deamidation (NQ):62.39,9.27E6
TILGPTENIQSISR,47.54,1527.8257,14,0.1,764.9202,27.87,2.74E7,1,8672,AK-171.raw,3,odontosyllis_best|TRINITY_DN43285_c4_g1_i1,,,2.89E7
NGIAYAFVPGR,46.85,1163.6086,11,-1.0,582.8110,28.84,4.54E5,1,9136,AK-171.raw,1,odontosyllis_best|TRINITY_DN24165_c0_g1_i1,,,4.54E5
EITALAPPTMK,46.81,1170.6318,11,0.9,586.3237,27.23,,1,8362,AK-171.raw,4,odontosyllis_best|TRINITY_DN47012_c9_g1_i7,,,9.96E6
ELTALAPPTMK,46.81,1170.6318,11,0.9,586.3237,27.23,,1,8362,AK-171.raw,4,,,,9.96E6
STEPAVTTYEQTLLNVPETK,46.55,2220.1162,20,3.3,1111.0691,35.39,1.96E6,1,12211,AK-171.raw,1,odontosyllis_best|TRINITY_DN43285_c4_g1_i1,,,1.96E6
TLFPGNDHIDQLTR,46.29,1625.8162,14,0.5,542.9463,26.93,5.33E5,1,8212,AK-171.raw,1,odontosyllis_best|TRINITY_DN46538_c6_g1_i4:odontosyllis_best|TRINITY_DN46538_c6_g1_i2,,,5.33E5
VVTEALASLDGEFK,45.81,1477.7664,14,-1.1,739.8896,34.53,6.65E6,1,11829,AK-171.raw,2,odontosyllis_best|TRINITY_DN42466_c0_g1_i1,,,6.85E6
VGNLTFVVNNPEHVAK,45.51,1736.9209,16,-3.1,579.9791,24.75,1.35E6,1,7180,AK-171.raw,3,odontosyllis_best|TRINITY_DN44733_c12_g1_i5:odontosyllis_best|TRINITY_DN44733_c12_g1_i1,,,1.43E6
SAELAPVDYATYYC(+57.02)YK,45.43,1912.8552,16,-0.5,957.4344,33.55,1.14E6,1,11382,AK-171.raw,1,odontosyllis_best|TRINITY_DN47034_c9_g1_i4,Carbamidomethylation,C14:Carbamidomethylation:1000.00,1.14E6
AEGIQAIGGTGALR,45.31,1312.7098,14,-1.2,657.3614,24.59,3.95E5,1,7096,AK-171.raw,1,odontosyllis_best|TRINITY_DN44733_c12_g1_i5:odontosyllis_best|TRINITY_DN44733_c12_g1_i1,,,3.95E5
TILGPTENIQ(+.98)SISR,44.91,1528.8097,14,0.6,765.4126,29.23,,1,9309,AK-171.raw,1,odontosyllis_best|TRINITY_DN43285_c4_g1_i1,Deamidation (NQ),Q10:Deamidation (NQ):26.31,
TYEQTLLNVPETK,44.50,1534.7878,13,0.5,768.4016,28.31,1.49E6,1,8892,AK-171.raw,1,odontosyllis_best|TRINITY_DN43285_c4_g1_i1,,,1.49E6
DLFKDVVETEMK,44.23,1452.7170,12,0.5,727.3661,34.26,4.89E5,1,11694,AK-171.raw,2,odontosyllis_best|TRINITY_DN36609_c0_g1_i1,,,9.48E5
INEDDLQGGALSILK,44.05,1584.8358,15,1.3,793.4262,35.60,4.38E5,1,12311,AK-171.raw,1,odontosyllis_best|TRINITY_DN24165_c0_g1_i1,,,4.38E5
TFLVWINEEDHTR,43.89,1658.8053,13,0.7,553.9427,31.98,6.1E6,1,10646,AK-171.raw,2,odontosyllis_best|TRINITY_DN42466_c0_g1_i1,,,6.85E6
LVQNC(+57.02)LWTLR,43.86,1301.6914,10,0.7,651.8535,31.21,,1,10259,AK-171.raw,1,odontosyllis_best|TRINITY_DN44194_c3_g1_i11:odontosyllis_best|TRINITY_DN44194_c3_g1_i7:odontosyllis_best|TRINITY_DN44194_c3_g1_i3:odontosyllis_best|TRINITY_DN44194_c3_g1_i12:odontosyllis_best|TRINITY_DN44194_c3_g1_i1:odontosyllis_best|TRINITY_DN44194_c3_g1_i6:odontosyllis_best|TRINITY_DN44194_c3_g1_i8:odontosyllis_best|TRINITY_DN44194_c3_g1_i13:odontosyllis_best|TRINITY_DN44194_c3_g1_i4:odontosyllis_best|TRINITY_DN44194_c3_g1_i5:odontosyllis_best|TRINITY_DN44194_c3_g1_i9:odontosyllis_best|TRINITY_DN44194_c3_g1_i10,Carbamidomethylation,C5:Carbamidomethylation:1000.00,
IWHHTFYNELR,43.67,1514.7418,11,0.3,505.9214,20.89,,1,5446,AK-171.raw,11,odontosyllis_best|TRINITY_DN44444_c3_g2_i1:odontosyllis_best|TRINITY_DN47012_c9_g1_i7,,,3.39E8
LWHHTFYNELR,43.67,1514.7418,11,0.3,505.9214,20.89,,1,5446,AK-171.raw,11,,,,3.39E8
IDAMSAGLQDYAR,43.56,1409.6609,13,4.1,705.8406,28.28,3.34E6,1,8877,AK-171.raw,1,odontosyllis_best|TRINITY_DN36609_c0_g1_i1,,,3.34E6
IMHLVGTPSAELLSK,43.24,1594.8752,15,-1.9,532.6313,28.06,3.81E5,1,8770,AK-171.raw,1,odontosyllis_best|TRINITY_DN46538_c6_g1_i4:odontosyllis_best|TRINITY_DN46538_c6_g1_i2,,,3.81E5
LTVQQMMQNK,43.03,1219.6053,10,-0.4,610.8097,24.05,1.52E6,1,6842,AK-171.raw,1,odontosyllis_best|TRINITY_DN41904_c0_g1_i1,,,1.52E6
AVFPSIVGRPR,42.28,1197.6981,11,0.5,400.2402,24.17,,1,6898,AK-171.raw,11,odontosyllis_best|TRINITY_DN44444_c3_g2_i1,,,2.06E9
DLYAN(+.98)TVLSGGSTM(+15.99)FPGIADR,42.26,2201.0310,21,0.8,1101.5237,40.24,1.59E5,1,14254,AK-171.raw,2,odontosyllis_best|TRINITY_DN47012_c9_g1_i7,Deamidation (NQ); Oxidation (M),N5:Deamidation (NQ):1000.00;M14:Oxidation (M):1000.00,5.82E5
DLYANC(+57.02)VLSGGSTM(+15.99)FPGIADR,41.71,2259.0300,21,-1.6,754.0161,39.02,3.15E6,1,13735,AK-171.raw,1,,Carbamidomethylation; Oxidation (M),C6:Carbamidomethylation:1000.00;M14:Oxidation (M):1000.00,3.15E6
EITALAPATM(+15.99)K,41.65,1160.6111,11,0.6,581.3132,23.29,7.01E7,1,6518,AK-171.raw,7,odontosyllis_best|TRINITY_DN44444_c3_g2_i1,Oxidation (M),M10:Oxidation (M):1000.00,7.55E7
EITALAPATMK,41.56,1144.6162,11,2.9,573.3170,24.70,5.27E8,1,7152,AK-171.raw,2,odontosyllis_best|TRINITY_DN44444_c3_g2_i1,,,5.36E8
KDLYAN(+.98)TVLSGGTTMYPGIADR,41.35,2343.1416,22,1.3,782.0555,32.86,5.05E5,1,11066,AK-171.raw,1,odontosyllis_best|TRINITY_DN44444_c3_g2_i1,Deamidation (NQ),N6:Deamidation (NQ):1000.00,5.05E5
TIESGAFTGLSNLKK,41.10,1564.8461,15,-0.4,522.6224,24.88,4.72E5,1,7242,AK-171.raw,1,odontosyllis_best|TRINITY_DN34572_c0_g1_i3:odontosyllis_best|TRINITY_DN34572_c0_g1_i1:odontosyllis_best|TRINITY_DN34572_c0_g1_i2,,,4.72E5
SEVQEIIYVAATDHSAEK,40.92,1988.9690,18,-0.3,995.4915,30.75,2.08E5,1,10036,AK-171.raw,3,odontosyllis_best|TRINITY_DN36609_c0_g1_i1,,,5.78E6
SSWDSTFC(+57.02)SVNPK,40.22,1513.6508,13,-2.7,757.8306,27.34,1.25E5,1,8417,AK-171.raw,1,odontosyllis_best|TRINITY_DN27005_c0_g1_i1,Carbamidomethylation,C8:Carbamidomethylation:1000.00,1.25E5
GIVTNWDDMEK,40.03,1306.5863,11,3.0,654.3024,28.19,1.03E7,1,8834,AK-171.raw,1,odontosyllis_best|TRINITY_DN44444_c3_g2_i1:odontosyllis_best|TRINITY_DN47012_c9_g1_i7,,,1.03E7
DLYANTVLSGGSTMFPGIADR,39.76,2184.0520,21,-0.3,1093.0330,43.58,2.25E6,1,15565,AK-171.raw,1,odontosyllis_best|TRINITY_DN47012_c9_g1_i7,,,2.25E6
Q(+.98)EYDESGPSIVHR,39.60,1516.6793,13,3.8,759.3498,18.28,2.09E5,1,4340,AK-171.raw,2,odontosyllis_best|TRINITY_DN47012_c9_g1_i7,Deamidation (NQ),Q1:Deamidation (NQ):1000.00,3.32E5
SHGGGANLASQLAAK,39.53,1380.7109,15,-0.1,461.2442,16.97,4.86E5,1,3820,AK-171.raw,1,odontosyllis_best|TRINITY_DN43285_c4_g1_i1,,,4.86E5
NFEAFVTSYTK,39.09,1305.6240,11,1.0,653.8199,31.76,3.14E6,1,10537,AK-171.raw,1,odontosyllis_best|TRINITY_DN44735_c5_g1_i1:odontosyllis_best|TRINITY_DN44735_c5_g1_i2,,,3.14E6
DLYANTVLSGGTTM(+15.99)YPGIADR,39.03,2230.0576,21,-1.2,1116.0348,36.60,1.95E7,1,12720,AK-171.raw,6,odontosyllis_best|TRINITY_DN44444_c3_g2_i1,Oxidation (M),M14:Oxidation (M):1000.00,2.44E7
LLGMDLVR,39.02,915.5212,8,0.0,458.7679,31.98,5.77E6,1,10647,AK-171.raw,1,odontosyllis_best|TRINITY_DN36609_c0_g1_i1,,,5.77E6
GSWYFDSK,39.01,988.4290,8,-3.2,495.2202,25.46,5.39E5,1,7524,AK-171.raw,1,odontosyllis_best|TRINITY_DN36784_c0_g1_i1,,,5.39E5
AVDTVIDLTK,38.96,1073.5968,10,-1.2,537.8051,27.25,2.92E5,1,8374,AK-171.raw,1,odontosyllis_best|TRINITY_DN43778_c4_g5_i2:odontosyllis_best|TRINITY_DN43778_c4_g5_i1,,,2.92E5
LIVSPYYPIK,38.79,1191.6903,10,-0.3,596.8522,31.14,4.54E6,1,10223,AK-171.raw,1,odontosyllis_best|TRINITY_DN44735_c5_g1_i1:odontosyllis_best|TRINITY_DN44735_c5_g1_i2,,,4.54E6
N(+.98)GIAYAFVPGR,38.73,1164.5927,11,0.5,583.3039,35.83,4.48E5,1,12416,AK-171.raw,2,odontosyllis_best|TRINITY_DN24165_c0_g1_i1,Deamidation (NQ),N1:Deamidation (NQ):1000.00,5.41E5
HQGVMVGMGQ(+.98)K,38.55,1171.5479,11,-0.3,586.7810,15.86,6.63E5,1,3427,AK-171.raw,1,odontosyllis_best|TRINITY_DN44444_c3_g2_i1:odontosyllis_best|TRINITY_DN47012_c9_g1_i7,Deamidation (NQ),Q10:Deamidation (NQ):73.16,6.63E5
DLYANC(+57.02)VLSGGSTMFPGIADR,38.35,2243.0352,21,1.0,1122.5260,42.75,3.37E5,1,15262,AK-171.raw,1,,Carbamidomethylation,C6:Carbamidomethylation:1000.00,3.37E5
YPPAEDYPDLTK,38.28,1407.6558,12,0.5,704.8355,25.57,1.97E6,1,7579,AK-171.raw,1,odontosyllis_best|TRINITY_DN42466_c0_g1_i1,,,1.97E6
DLYAN(+.98)TVLSGGSTMFPGIADR,38.06,2185.0361,21,1.2,1093.5266,44.18,1.02E5,1,15775,AK-171.raw,1,odontosyllis_best|TRINITY_DN47012_c9_g1_i7,Deamidation (NQ),N5:Deamidation (NQ):1000.00,1.02E5
VAPEEHPVLLTEAPLN(+.98)PK,37.71,1954.0410,18,3.0,652.3563,28.23,1.85E7,1,8855,AK-171.raw,1,odontosyllis_best|TRINITY_DN44444_c3_g2_i1:odontosyllis_best|TRINITY_DN47012_c9_g1_i7,Deamidation (NQ),N16:Deamidation (NQ):1000.00,1.85E7
ANTVLSGGTTMYPGIADR,37.62,1822.8883,18,-0.8,912.4507,29.70,2.89E5,1,9539,AK-171.raw,1,odontosyllis_best|TRINITY_DN44444_c3_g2_i1,,,2.89E5
DLLDPVIDGR,37.60,1111.5873,10,-0.6,556.8006,34.62,1.65E7,1,11872,AK-171.raw,2,odontosyllis_best|TRINITY_DN42466_c0_g1_i1,,,1.65E7
GIHETSYNSIMK,37.60,1378.6550,12,0.0,460.5589,18.08,2.9E5,1,4263,AK-171.raw,1,odontosyllis_best|TRINITY_DN44444_c3_g2_i1:odontosyllis_best|TRINITY_DN47012_c9_g1_i7,,,2.9E5
EITALAPPTM(+15.99)K,37.58,1186.6267,11,2.0,594.3218,23.98,1.04E8,1,6814,AK-171.raw,8,odontosyllis_best|TRINITY_DN47012_c9_g1_i7,Oxidation (M),M10:Oxidation (M):1000.00,1.35E8
ELTALAPPTM(+15.99)K,37.58,1186.6267,11,2.0,594.3218,23.98,1.04E8,1,6814,AK-171.raw,8,,Oxidation (M),M10:Oxidation (M):1000.00,1.35E8
FGYSKPNVTFVK,37.08,1385.7343,12,0.2,462.9188,22.68,1.07E6,1,6219,AK-171.raw,1,odontosyllis_best|TRINITY_DN43127_c1_g6_i1:odontosyllis_best|TRINITY_DN43127_c1_g6_i2,,,1.07E6
ADQKPGFFGLK,36.96,1206.6396,11,-3.4,403.2191,22.89,1.77E5,1,6319,AK-171.raw,1,odontosyllis_best|TRINITY_DN35599_c0_g1_i2,,,1.77E5
ALDTMNFDTIK,36.42,1267.6118,11,2.5,634.8148,29.91,2.7E5,1,9642,AK-171.raw,1,odontosyllis_best|TRINITY_DN46522_c1_g2_i2,,,2.7E5
IAC(+57.02)PGMDVILSPNK,36.32,1513.7633,14,-0.7,757.8884,30.89,1.04E6,1,10094,AK-171.raw,1,odontosyllis_best|TRINITY_DN41904_c0_g1_i3,Carbamidomethylation,C3:Carbamidomethylation:1000.00,1.04E6
IWHHTFYN(+.98)ELR,36.18,1515.7258,11,1.9,506.2502,22.40,3.53E6,1,6092,AK-171.raw,2,odontosyllis_best|TRINITY_DN44444_c3_g2_i1:odontosyllis_best|TRINITY_DN47012_c9_g1_i7,Deamidation (NQ),N8:Deamidation (NQ):1000.00,3.84E6
LWHHTFYN(+.98)ELR,36.18,1515.7258,11,1.9,506.2502,22.40,3.53E6,1,6092,AK-171.raw,2,,Deamidation (NQ),N8:Deamidation (NQ):1000.00,3.84E6
DFGPEALDEK,36.15,1119.5083,10,0.4,560.7617,26.12,1.31E6,1,7827,AK-171.raw,1,odontosyllis_best|TRINITY_DN36609_c0_g1_i1,,,1.31E6
DLVEYISSHYK,35.98,1352.6611,11,0.2,677.3380,32.13,7.35E6,1,10720,AK-171.raw,1,odontosyllis_best|TRINITY_DN43285_c4_g1_i1,,,7.35E6
KDLYANC(+57.02)VLSGGSTMFPGIADR,35.69,2371.1301,22,1.5,791.3851,34.70,3.71E5,1,11912,AK-171.raw,1,,Carbamidomethylation,C7:Carbamidomethylation:1000.00,3.71E5
LASYIDRVR,35.51,1091.6086,9,-9.5,546.8064,26.12,1.31E6,1,7824,AK-171.raw,1,odontosyllis_best|TRINITY_DN41609_c2_g1_i1:odontosyllis_best|TRINITY_DN41609_c2_g1_i2,,,1.31E6
SNINDIVLVGGSTR,35.40,1443.7682,14,0.1,722.8914,29.05,5.97E4,1,9227,AK-171.raw,1,odontosyllis_best|TRINITY_DN46493_c5_g3_i3,,,5.97E4
TTGIVFDAGDGVSH,35.33,1374.6415,14,0.6,688.3284,28.03,,1,8754,AK-171.raw,1,odontosyllis_best|TRINITY_DN47012_c9_g1_i7,,,
HQQLQSNKEEDPSEDIVAAVSR,35.22,2479.1938,22,7.0,620.8101,22.86,4.34E5,1,6307,AK-171.raw,1,odontosyllis_best|TRINITY_DN44735_c5_g1_i1:odontosyllis_best|TRINITY_DN44735_c5_g1_i2,,,4.34E5
VDGDHVVLFK,35.10,1127.5974,10,-0.5,564.8057,21.68,7.48E5,1,5762,AK-171.raw,1,odontosyllis_best|TRINITY_DN43505_c5_g1_i8:odontosyllis_best|TRINITY_DN43505_c5_g1_i3,,,7.48E5
VAPEEHPVLLTEAPLN,34.95,1727.9093,16,0.7,864.9625,31.93,1.37E6,1,10618,AK-171.raw,1,odontosyllis_best|TRINITY_DN44444_c3_g2_i1:odontosyllis_best|TRINITY_DN47012_c9_g1_i7,,,1.37E6
TVLSGGTTMYPGIADR,34.88,1637.8083,16,0.6,819.9119,28.70,1.07E7,1,9075,AK-171.raw,1,odontosyllis_best|TRINITY_DN44444_c3_g2_i1,,,1.07E7
SGMYWMR,34.78,929.3888,7,0.0,465.7017,24.80,2.1E6,1,7200,AK-171.raw,1,odontosyllis_best|TRINITY_DN43285_c4_g1_i1,,,2.1E6
RVPVSELDAR,34.71,1140.6251,10,-1.1,381.2152,16.67,1.82E5,1,3716,AK-171.raw,1,odontosyllis_best|TRINITY_DN43285_c4_g1_i1,,,1.82E5
LTPEQILIR,34.51,1081.6495,9,0.0,541.8320,30.20,2.02E5,1,9774,AK-171.raw,1,odontosyllis_best|TRINITY_DN42463_c6_g1_i1,,,2.02E5
AEVLGDLALK,34.27,1027.5913,10,0.1,514.8030,29.00,8.4E5,1,9206,AK-171.raw,1,odontosyllis_best|TRINITY_DN45713_c4_g1_i5,,,8.4E5
TVELDTFLDDGPVQHR,34.21,1840.8955,16,2.9,614.6409,32.35,5.41E5,1,10836,AK-171.raw,1,odontosyllis_best|TRINITY_DN46258_c3_g2_i7:odontosyllis_best|TRINITY_DN46258_c3_g2_i2,,,5.41E5
QYALWSGDLK,34.21,1179.5924,10,-0.1,590.8034,29.95,3.73E5,1,9664,AK-171.raw,1,odontosyllis_best|TRINITY_DN33838_c0_g1_i1,,,3.73E5
TVLSGGTTM(+15.99)YPGIADR,34.12,1653.8032,16,1.1,827.9098,25.53,1.49E6,1,7560,AK-171.raw,1,odontosyllis_best|TRINITY_DN44444_c3_g2_i1,Oxidation (M),M9:Oxidation (M):1000.00,1.49E6
LSGEEALIEQR,34.11,1243.6407,11,-0.9,622.8271,23.01,2.62E5,1,6379,AK-171.raw,1,odontosyllis_best|TRINITY_DN36784_c0_g1_i1,,,2.62E5
QSEEMMSVLQGK,34.03,1365.6268,12,-0.5,683.8204,26.55,6.19E5,1,8024,AK-171.raw,1,odontosyllis_best|TRINITY_DN36784_c0_g1_i1,,,6.19E5
AVFPSIVGR,34.01,944.5443,9,4.2,473.2814,28.04,1.4E9,1,8761,AK-171.raw,6,odontosyllis_best|TRINITY_DN44444_c3_g2_i1,,,1.4E9
NHLLYFLSK,33.95,1133.6233,9,-2.5,378.8808,27.10,1.62E6,1,8300,AK-171.raw,1,odontosyllis_best|TRINITY_DN43505_c5_g1_i8:odontosyllis_best|TRINITY_DN43505_c5_g1_i3,,,1.62E6
VADPDHDHTGFLTEYVATR,33.88,2142.9971,19,0.7,536.7569,26.31,3.84E5,1,7906,AK-171.raw,1,odontosyllis_best|TRINITY_DN42583_c3_g1_i1,,,3.84E5
TNGTAHFLEHMAFK,33.84,1602.7612,14,-0.1,535.2610,23.37,1.08E6,1,6553,AK-171.raw,1,odontosyllis_best|TRINITY_DN43285_c4_g1_i1,,,1.08E6
YQGPTIPVR,33.81,1029.5607,9,-1.2,515.7870,21.77,3.87E5,1,5807,AK-171.raw,1,odontosyllis_best|TRINITY_DN41904_c0_g1_i1:odontosyllis_best|TRINITY_DN47034_c9_g1_i2:odontosyllis_best|TRINITY_DN47034_c9_g1_i9,,,3.87E5
QLLC(+57.02)YGR,33.43,908.4538,7,-0.9,455.2338,19.77,6.34E5,1,4946,AK-171.raw,1,odontosyllis_best|TRINITY_DN43285_c4_g1_i1,Carbamidomethylation,C4:Carbamidomethylation:1000.00,6.34E5
EQTLLNVPETK,33.34,1270.6769,11,2.0,636.3470,24.62,1.07E6,1,7112,AK-171.raw,1,odontosyllis_best|TRINITY_DN43285_c4_g1_i1,,,1.07E6
VFPSIVGRPR,32.77,1126.6610,10,-2.1,376.5602,22.89,1.92E5,1,6318,AK-171.raw,2,odontosyllis_best|TRINITY_DN44444_c3_g2_i1:odontosyllis_best|TRINITY_DN47012_c9_g1_i7,,,3.14E5
GIWHNEEK,32.71,1011.4774,8,-0.2,506.7458,14.58,2.38E5,1,2978,AK-171.raw,1,odontosyllis_best|TRINITY_DN42466_c0_g1_i1,,,2.38E5
VLTLFADEAER,32.65,1262.6506,11,-0.1,632.3325,30.77,7E5,1,10043,AK-171.raw,1,odontosyllis_best|TRINITY_DN34158_c0_g1_i1,,,7E5
SGNLFSSADWK,32.61,1210.5618,11,0.0,606.2881,28.83,2.58E5,1,9131,AK-171.raw,1,odontosyllis_best|TRINITY_DN40179_c1_g1_i18:odontosyllis_best|TRINITY_DN40179_c1_g1_i6:odontosyllis_best|TRINITY_DN40179_c1_g1_i3:odontosyllis_best|TRINITY_DN40179_c1_g1_i5:odontosyllis_best|TRINITY_DN40179_c1_g1_i11:odontosyllis_best|TRINITY_DN40179_c1_g1_i12:odontosyllis_best|TRINITY_DN40179_c1_g1_i14:odontosyllis_best|TRINITY_DN40179_c1_g1_i10,,,2.58E5
GYSFTTTAER,32.58,1131.5197,10,-1.0,566.7665,19.93,1.07E8,1,5025,AK-171.raw,2,odontosyllis_best|TRINITY_DN44444_c3_g2_i1:odontosyllis_best|TRINITY_DN47012_c9_g1_i7,,,1.07E8
ILEFFGLK,32.58,965.5585,8,-1.5,483.7858,38.06,8.49E6,1,13339,AK-171.raw,1,odontosyllis_best|TRINITY_DN43505_c5_g1_i8:odontosyllis_best|TRINITY_DN43505_c5_g1_i3,,,8.49E6
LLEFFGLK,32.58,965.5585,8,-1.5,483.7858,38.06,8.49E6,1,13339,AK-171.raw,1,,,,8.49E6
AAPEMISLIK,32.56,1071.5997,10,0.3,536.8073,30.17,1.23E6,1,9762,AK-171.raw,1,odontosyllis_best|TRINITY_DN41712_c2_g4_i1:odontosyllis_best|TRINITY_DN41712_c2_g4_i2,,,1.23E6
NVLFAHLDDSER,32.29,1414.6841,12,-7.8,708.3438,24.84,1.3E5,1,7221,AK-171.raw,1,odontosyllis_best|TRINITY_DN42321_c2_g1_i3:odontosyllis_best|TRINITY_DN42321_c2_g1_i16:odontosyllis_best|TRINITY_DN42321_c2_g1_i19:odontosyllis_best|TRINITY_DN42321_c2_g1_i7:odontosyllis_best|TRINITY_DN42321_c2_g1_i8:odontosyllis_best|TRINITY_DN42321_c2_g1_i1:odontosyllis_best|TRINITY_DN42321_c2_g1_i18:odontosyllis_best|TRINITY_DN42321_c2_g1_i13:odontosyllis_best|TRINITY_DN42321_c2_g1_i15:odontosyllis_best|TRINITY_DN42321_c2_g1_i11:odontosyllis_best|TRINITY_DN42321_c2_g1_i20:odontosyllis_best|TRINITY_DN42321_c2_g1_i4,,,1.3E5
IYDFYGK,32.26,904.4330,7,-0.8,453.2234,23.83,1.89E5,1,6747,AK-171.raw,1,odontosyllis_best|TRINITY_DN46034_c4_g1_i1:odontosyllis_best|TRINITY_DN46034_c4_g1_i2,,,1.89E5
LYDFYGK,32.26,904.4330,7,-0.8,453.2234,23.83,1.89E5,1,6747,AK-171.raw,1,,,,1.89E5
SNLMGMFEK,32.20,1055.4780,9,-0.4,528.7461,30.01,3.23E5,1,9693,AK-171.raw,1,odontosyllis_best|TRINITY_DN44693_c5_g1_i12:odontosyllis_best|TRINITY_DN44693_c5_g1_i8:odontosyllis_best|TRINITY_DN44693_c5_g1_i9:odontosyllis_best|TRINITY_DN44693_c5_g1_i6:odontosyllis_best|TRINITY_DN44693_c5_g1_i7:odontosyllis_best|TRINITY_DN44693_c5_g1_i11:odontosyllis_best|TRINITY_DN44693_c5_g1_i1:odontosyllis_best|TRINITY_DN44693_c5_g1_i3:odontosyllis_best|TRINITY_DN44693_c5_g1_i4:odontosyllis_best|TRINITY_DN44693_c5_g1_i5:odontosyllis_best|TRINITY_DN44693_c5_g1_i10,,,3.23E5
EEHPVLLTEAPLNPK,31.82,1685.8988,15,0.3,562.9737,26.15,2.27E5,1,7840,AK-171.raw,1,odontosyllis_best|TRINITY_DN44444_c3_g2_i1:odontosyllis_best|TRINITY_DN47012_c9_g1_i7,,,2.27E5
ISGLIYEETR,31.55,1179.6135,10,-0.7,590.8136,24.56,1.25E5,1,7085,AK-171.raw,1,odontosyllis_best|TRINITY_DN46271_c1_g1_i1,,,1.25E5
PEEHPVLLTEAPLN(+.98)PK,31.54,1783.9355,16,6.3,595.6562,27.21,4.62E4,1,8355,AK-171.raw,1,odontosyllis_best|TRINITY_DN44444_c3_g2_i1:odontosyllis_best|TRINITY_DN47012_c9_g1_i7,Deamidation (NQ),N14:Deamidation (NQ):1000.00,4.62E4
GTGGVDTAAVGGTYDISNSDR,31.48,2011.9082,21,-0.2,1006.9612,25.17,6.53E5,1,7374,AK-171.raw,1,odontosyllis_best|TRINITY_DN42466_c0_g1_i1,,,6.53E5
GGNFDSNYVLSSR,31.13,1414.6477,13,0.0,708.3311,24.70,1.77E5,1,7154,AK-171.raw,1,odontosyllis_best|TRINITY_DN40311_c4_g1_i2:odontosyllis_best|TRINITY_DN40311_c4_g1_i1,,,1.77E5
IATLPDMWDR,31.11,1216.5911,10,-3.6,609.3006,33.41,2.93E5,1,11323,AK-171.raw,1,odontosyllis_best|TRINITY_DN40179_c1_g1_i18:odontosyllis_best|TRINITY_DN40179_c1_g1_i6:odontosyllis_best|TRINITY_DN40179_c1_g1_i3:odontosyllis_best|TRINITY_DN40179_c1_g1_i5:odontosyllis_best|TRINITY_DN40179_c1_g1_i11:odontosyllis_best|TRINITY_DN40179_c1_g1_i12:odontosyllis_best|TRINITY_DN40179_c1_g1_i14:odontosyllis_best|TRINITY_DN40179_c1_g1_i10,,,2.93E5
NLDDIIDDER,30.85,1216.5571,10,-0.2,609.2857,29.08,1.27E5,1,9242,AK-171.raw,1,odontosyllis_best|TRINITY_DN46522_c1_g2_i2,,,1.27E5
LAELETEVEALR,30.81,1371.7245,12,6.4,686.8739,31.89,1.3E5,1,10599,AK-171.raw,1,odontosyllis_best|TRINITY_DN35781_c0_g1_i1,,,1.3E5
EAGVLMYR,30.75,937.4691,8,-1.1,469.7413,21.89,1.45E5,1,5865,AK-171.raw,1,odontosyllis_best|TRINITY_DN40590_c9_g5_i1,,,1.45E5
DDLFNTNASIVR,30.61,1363.6732,12,-1.5,682.8429,31.74,3.71E5,1,10529,AK-171.raw,1,odontosyllis_best|TRINITY_DN39051_c0_g1_i1,,,3.71E5
FVNDLLDGK,30.55,1019.5287,9,0.0,510.7717,27.32,7.82E5,1,8405,AK-171.raw,1,odontosyllis_best|TRINITY_DN45771_c3_g1_i2,,,7.82E5
IWQVPDGGLK,30.46,1111.6025,10,-0.7,556.8082,28.35,5.08E5,1,8914,AK-171.raw,1,odontosyllis_best|TRINITY_DN27005_c0_g1_i1,,,5.08E5
LYMSGNMLPK,30.46,1152.5671,10,0.2,577.2910,26.52,6.65E5,1,8008,AK-171.raw,1,odontosyllis_best|TRINITY_DN34572_c0_g1_i3:odontosyllis_best|TRINITY_DN34572_c0_g1_i1:odontosyllis_best|TRINITY_DN34572_c0_g1_i2,,,6.65E5
QLLLTVGK,30.35,870.5538,8,1.3,436.2848,24.66,6.06E4,1,7133,AK-171.raw,1,odontosyllis_best|TRINITY_DN33336_c0_g1_i1,,,6.06E4
QILDEIGYDEVSHEDLK,30.13,2001.9530,17,3.1,668.3270,31.05,1.87E5,1,10177,AK-171.raw,1,odontosyllis_best|TRINITY_DN46208_c2_g1_i5:odontosyllis_best|TRINITY_DN46208_c2_g1_i7:odontosyllis_best|TRINITY_DN46208_c2_g1_i9:odontosyllis_best|TRINITY_DN46208_c2_g1_i13:odontosyllis_best|TRINITY_DN46208_c2_g1_i2:odontosyllis_best|TRINITY_DN46208_c2_g1_i4:odontosyllis_best|TRINITY_DN46208_c2_g1_i14:odontosyllis_best|TRINITY_DN46208_c2_g1_i10:odontosyllis_best|TRINITY_DN46208_c2_g1_i11:odontosyllis_best|TRINITY_DN46208_c2_g1_i15:odontosyllis_best|TRINITY_DN46208_c2_g1_i12:odontosyllis_best|TRINITY_DN46208_c2_g1_i8,,,1.87E5
LLFGYTEK,30.12,969.5171,8,-0.1,485.7658,26.59,3.16E5,1,8039,AK-171.raw,1,odontosyllis_best|TRINITY_DN42970_c2_g1_i1:odontosyllis_best|TRINITY_DN42970_c2_g1_i2,,,3.16E5
VNLSVGAYR,30.07,977.5294,9,-0.7,489.7716,21.87,9.42E4,1,5855,AK-171.raw,1,odontosyllis_best|TRINITY_DN44733_c12_g1_i5:odontosyllis_best|TRINITY_DN44733_c12_g1_i1,,,9.42E4
LDEEFPGANVLLHK,30.05,1580.8198,14,-0.4,527.9470,31.60,1.05E6,1,10457,AK-171.raw,1,odontosyllis_best|TRINITY_DN35599_c0_g1_i2,,,1.05E6
TGFLSLDDR,29.95,1022.5032,9,0.5,512.2592,28.63,4.94E5,1,9044,AK-171.raw,1,odontosyllis_best|TRINITY_DN44885_c3_g2_i1,,,4.94E5
HYTEDDLAWMR,29.90,1435.6190,11,0.5,479.5472,26.02,7.8E4,1,7777,AK-171.raw,1,odontosyllis_best|TRINITY_DN41266_c9_g1_i2,,,7.8E4
AVFPSIVGRP,29.89,1041.5970,10,-0.1,521.8057,28.91,9.57E5,1,9166,AK-171.raw,1,odontosyllis_best|TRINITY_DN44444_c3_g2_i1,,,9.57E5
EIEWVDSAYR,29.83,1266.5880,10,-1.9,634.3001,29.12,6.53E5,1,9260,AK-171.raw,1,odontosyllis_best|TRINITY_DN41712_c2_g4_i1:odontosyllis_best|TRINITY_DN41712_c2_g4_i2,,,6.53E5
EIVDLVLDR,29.59,1070.5972,9,-0.4,536.3057,34.16,3E5,1,11649,AK-171.raw,1,odontosyllis_best|TRINITY_DN46629_c2_g5_i1,,,3E5
ELVDLVLDR,29.59,1070.5972,9,-0.4,536.3057,34.16,3E5,1,11649,AK-171.raw,1,,,,3E5
GAALVAAVADR,29.55,1012.5665,11,-0.5,507.2903,21.98,1.32E5,1,5905,AK-171.raw,1,odontosyllis_best|TRINITY_DN46208_c2_g1_i5:odontosyllis_best|TRINITY_DN46208_c2_g1_i7:odontosyllis_best|TRINITY_DN46208_c2_g1_i9:odontosyllis_best|TRINITY_DN46208_c2_g1_i13:odontosyllis_best|TRINITY_DN46208_c2_g1_i2:odontosyllis_best|TRINITY_DN46208_c2_g1_i4:odontosyllis_best|TRINITY_DN46208_c2_g1_i14:odontosyllis_best|TRINITY_DN46208_c2_g1_i10:odontosyllis_best|TRINITY_DN46208_c2_g1_i11:odontosyllis_best|TRINITY_DN46208_c2_g1_i15:odontosyllis_best|TRINITY_DN46208_c2_g1_i12:odontosyllis_best|TRINITY_DN46208_c2_g1_i8,,,1.32E5
GSTMFPGIADR,29.53,1150.5441,11,0.4,576.2795,27.15,5.49E5,1,8320,AK-171.raw,1,odontosyllis_best|TRINITY_DN47012_c9_g1_i7,,,5.49E5
DDDVAALVVDNGSGMC(+57.02)K,29.52,1764.7659,17,-0.4,883.3899,33.63,1.34E5,1,11421,AK-171.raw,1,odontosyllis_best|TRINITY_DN44444_c3_g2_i1,Carbamidomethylation,C16:Carbamidomethylation:1000.00,1.34E5
VAALVVDNGSGMC(+57.02)K,29.48,1419.6851,14,-1.1,710.8490,22.41,1.68E5,1,6096,AK-171.raw,1,odontosyllis_best|TRINITY_DN44444_c3_g2_i1,Carbamidomethylation,C13:Carbamidomethylation:1000.00,1.68E5
ALVPEYIK,29.45,931.5378,8,0.4,466.7764,24.99,6.28E6,1,7291,AK-171.raw,1,odontosyllis_best|TRINITY_DN43505_c5_g1_i8:odontosyllis_best|TRINITY_DN43505_c5_g1_i3,,,6.28E6
DQTINLAWPDPVTLK,29.43,1709.8988,15,-1.9,855.9550,42.20,1.45E5,1,15070,AK-171.raw,1,odontosyllis_best|TRINITY_DN36784_c0_g1_i1,,,1.45E5
FLPLTEGITNK,28.89,1231.6812,11,0.7,616.8483,29.87,1.76E6,1,9627,AK-171.raw,1,odontosyllis_best|TRINITY_DN24165_c0_g1_i1,,,1.76E6
LLVQMEK,28.89,859.4837,7,-0.5,430.7489,20.33,3.94E6,1,5209,AK-171.raw,1,odontosyllis_best|TRINITY_DN42466_c0_g1_i1,,,3.94E6
IIVQMEK,28.89,859.4837,7,-0.5,430.7489,20.33,3.94E6,1,5209,AK-171.raw,1,,,,3.94E6
LIVQMEK,28.89,859.4837,7,-0.5,430.7489,20.33,3.94E6,1,5209,AK-171.raw,1,,,,3.94E6
ILVQMEK,28.89,859.4837,7,-0.5,430.7489,20.33,3.94E6,1,5209,AK-171.raw,1,,,,3.94E6
C(+57.02)AEHTVEELLDNR,28.86,1584.7202,13,0.7,529.2477,26.09,8.1E5,1,7813,AK-171.raw,1,odontosyllis_best|TRINITY_DN47034_c9_g1_i2:odontosyllis_best|TRINITY_DN47034_c9_g1_i9:odontosyllis_best|TRINITY_DN47034_c9_g1_i4,Carbamidomethylation,C1:Carbamidomethylation:1000.00,8.1E5
IAYVFSR,28.81,854.4650,7,-1.2,428.2393,23.13,3.96E6,1,6439,AK-171.raw,1,odontosyllis_best|TRINITY_DN44735_c5_g1_i1:odontosyllis_best|TRINITY_DN44735_c5_g1_i2,,,3.96E6
LAYVFSR,28.81,854.4650,7,-1.2,428.2393,23.13,3.96E6,1,6439,AK-171.raw,1,,,,3.96E6
LGIDAVELK,28.77,956.5542,9,1.6,479.2852,28.29,1.08E5,1,8883,AK-171.raw,1,odontosyllis_best|TRINITY_DN41284_c6_g1_i1,,,1.08E5
LLLLGTGESGK,28.76,1086.6284,11,-0.5,544.3212,27.03,1.88E5,1,8261,AK-171.raw,1,odontosyllis_best|TRINITY_DN41845_c0_g1_i1,,,1.88E5
GFPTLYYSPK,28.76,1171.5913,10,-0.6,586.8026,29.95,5.02E5,1,9663,AK-171.raw,1,odontosyllis_best|TRINITY_DN45771_c3_g1_i2,,,5.02E5
EFTLDHQWTFK,28.71,1450.6881,11,-0.2,484.5699,30.60,5.08E5,1,9974,AK-171.raw,1,odontosyllis_best|TRINITY_DN43127_c1_g6_i1:odontosyllis_best|TRINITY_DN43127_c1_g6_i2,,,5.08E5
LC(+57.02)YVALDFEQEM(+15.99)ATAASSSSLEK,28.69,2565.1614,23,-0.2,1283.5878,36.34,1.9E5,1,12622,AK-171.raw,1,odontosyllis_best|TRINITY_DN44444_c3_g2_i1,Carbamidomethylation; Oxidation (M),C2:Carbamidomethylation:1000.00;M12:Oxidation (M):1000.00,1.9E5
APEIMLNSK,28.55,1001.5215,9,1.2,501.7686,20.30,6.66E4,1,5199,AK-171.raw,1,odontosyllis_best|TRINITY_DN42583_c3_g1_i1,,,6.66E4
SAELAPADYATYYC(+57.02)YK,28.53,1884.8240,16,1.7,943.4208,31.51,3.33E5,1,10410,AK-171.raw,1,odontosyllis_best|TRINITY_DN47034_c9_g1_i2:odontosyllis_best|TRINITY_DN47034_c9_g1_i9,Carbamidomethylation,C14:Carbamidomethylation:1000.00,3.33E5
VFAIEYSPK,28.43,1052.5542,9,-0.4,527.2842,26.27,1.29E5,1,7891,AK-171.raw,1,odontosyllis_best|TRINITY_DN22362_c0_g1_i1,,,1.29E5
APEVILGMGYK,28.42,1176.6212,11,-0.4,589.3176,29.06,2.8E5,1,9233,AK-171.raw,1,odontosyllis_best|TRINITY_DN30152_c0_g1_i1,,,2.8E5
ALGC(+57.02)LSSTIWDR,28.35,1377.6710,12,1.7,689.8439,32.25,2.99E5,1,10781,AK-171.raw,1,odontosyllis_best|TRINITY_DN44866_c2_g1_i1,Carbamidomethylation,C4:Carbamidomethylation:1000.00,2.99E5
KSYELPDGQVITIGNER,28.26,1917.9795,17,0.6,959.9976,31.45,1.5E5,1,10382,AK-171.raw,1,odontosyllis_best|TRINITY_DN44444_c3_g2_i1:odontosyllis_best|TRINITY_DN47012_c9_g1_i7,,,1.5E5
LGYMC(+57.02)TC(+57.02)PTNLGTVVR,28.20,1840.8634,16,0.6,921.4396,30.71,3.13E5,1,10020,AK-171.raw,1,odontosyllis_best|TRINITY_DN29790_c0_g1_i1,Carbamidomethylation,C5:Carbamidomethylation:1000.00;C7:Carbamidomethylation:1000.00,3.13E5
LGDIYVNDAFGTAHR,28.16,1647.8005,15,-0.4,550.2739,27.34,1.47E5,1,8418,AK-171.raw,1,odontosyllis_best|TRINITY_DN41284_c6_g1_i1,,,1.47E5
DLTDYLMK,28.07,997.4790,8,-0.6,499.7465,29.12,4.12E6,1,9259,AK-171.raw,13,odontosyllis_best|TRINITY_DN44444_c3_g2_i1:odontosyllis_best|TRINITY_DN47012_c9_g1_i7,,,1.17E9
ALVTAIFER,28.03,1018.5811,9,-1.6,510.2970,31.29,2.04E5,1,10299,AK-171.raw,1,odontosyllis_best|TRINITY_DN40264_c7_g1_i3:odontosyllis_best|TRINITY_DN40264_c7_g1_i2,,,2.04E5
SSYLLDKYR,27.96,1143.5924,9,-0.7,572.8031,19.75,4.02E4,1,4941,AK-171.raw,1,odontosyllis_best|TRINITY_DN45919_c5_g3_i1:odontosyllis_best|TRINITY_DN45919_c5_g1_i2:odontosyllis_best|TRINITY_DN45919_c5_g1_i3:odontosyllis_best|TRINITY_DN45919_c5_g1_i4,,,4.02E4
DGGELYFSDLYADR,27.92,1619.7103,14,-0.3,810.8622,38.37,2.65E5,1,13473,AK-171.raw,1,odontosyllis_best|TRINITY_DN43127_c1_g6_i1:odontosyllis_best|TRINITY_DN43127_c1_g6_i2,,,2.65E5
VDFNVPLK,27.86,930.5175,8,-0.7,466.2657,27.87,1.97E5,1,8673,AK-171.raw,1,odontosyllis_best|TRINITY_DN41284_c6_g1_i1,,,1.97E5
ESTLHLVLR,27.84,1066.6135,9,-0.1,534.3140,22.09,2.48E5,1,5958,AK-171.raw,1,odontosyllis_best|TRINITY_DN42571_c3_g1_i7:odontosyllis_best|TRINITY_DN42571_c3_g1_i11:odontosyllis_best|TRINITY_DN42571_c3_g1_i8:odontosyllis_best|TRINITY_DN42571_c3_g1_i6:odontosyllis_best|TRINITY_DN42588_c0_g3_i1:odontosyllis_best|TRINITY_DN78409_c0_g1_i1:odontosyllis_best|TRINITY_DN42588_c0_g2_i4:odontosyllis_best|TRINITY_DN42588_c0_g2_i1:odontosyllis_best|TRINITY_DN42588_c0_g2_i8:odontosyllis_best|TRINITY_DN42588_c0_g2_i5:odontosyllis_best|TRINITY_DN42588_c0_g2_i2:odontosyllis_best|TRINITY_DN42588_c0_g2_i7:odontosyllis_best|TRINITY_DN42588_c0_g2_i3:odontosyllis_best|TRINITY_DN42588_c0_g2_i6,,,2.48E5
FIVETFSAGR,27.80,1125.5818,10,0.0,563.7982,28.96,3.4E5,1,9187,AK-171.raw,1,odontosyllis_best|TRINITY_DN46194_c3_g1_i18:odontosyllis_best|TRINITY_DN46194_c3_g1_i3:odontosyllis_best|TRINITY_DN46194_c3_g1_i1:odontosyllis_best|TRINITY_DN46194_c3_g1_i6:odontosyllis_best|TRINITY_DN46194_c3_g1_i16:odontosyllis_best|TRINITY_DN46194_c3_g1_i2,,,3.4E5
QLEAGKPIDDLIPK,27.80,1535.8558,14,0.0,512.9592,25.21,2.82E5,1,7396,AK-171.raw,2,odontosyllis_best|TRINITY_DN42466_c0_g1_i1,,,2.68E7
FSTAGPVLSIR,27.77,1146.6396,11,1.3,574.3278,27.96,4.83E5,1,8716,AK-171.raw,1,odontosyllis_best|TRINITY_DN46522_c1_g2_i2,,,4.83E5
IDAVDAQTVR,27.68,1086.5669,10,-0.4,544.2905,18.09,3.89E5,1,4264,AK-171.raw,1,odontosyllis_best|TRINITY_DN43285_c4_g1_i1,,,3.89E5
SVEDWVN(+.98)AR,27.60,1075.4934,9,-0.7,538.7536,26.52,8.45E4,1,8007,AK-171.raw,1,odontosyllis_best|TRINITY_DN41904_c0_g1_i1,Deamidation (NQ),N7:Deamidation (NQ):1000.00,8.45E4
SSDTAQIFFEDVR,27.39,1513.7048,13,-3.3,757.8572,33.92,1.5E5,1,11553,AK-171.raw,1,odontosyllis_best|TRINITY_DN35781_c0_g1_i1,,,1.5E5
LC(+57.02)SSVTEFEVQR,27.25,1453.6871,12,2.3,727.8525,25.29,5.15E6,1,7435,AK-171.raw,2,odontosyllis_best|TRINITY_DN43285_c4_g1_i1,Carbamidomethylation,C2:Carbamidomethylation:1000.00,5.71E6
LLGM(+15.99)DLVR,27.14,931.5161,8,-0.3,466.7652,24.68,7.84E5,1,7140,AK-171.raw,1,odontosyllis_best|TRINITY_DN36609_c0_g1_i1,Oxidation (M),M4:Oxidation (M):1000.00,7.84E5
IYLEFNK,27.08,925.4909,7,-0.6,463.7525,25.49,7.28E5,1,7537,AK-171.raw,1,odontosyllis_best|TRINITY_DN34572_c0_g1_i3:odontosyllis_best|TRINITY_DN34572_c0_g1_i1:odontosyllis_best|TRINITY_DN34572_c0_g1_i2,,,7.28E5
LYIEFNK,27.08,925.4909,7,-0.6,463.7525,25.49,7.28E5,1,7537,AK-171.raw,1,,,,7.28E5
IC(+57.02)DFGLAR,27.04,950.4644,8,-0.1,476.2394,24.38,1.05E6,1,6996,AK-171.raw,1,odontosyllis_best|TRINITY_DN42583_c3_g1_i1,Carbamidomethylation,C2:Carbamidomethylation:1000.00,1.05E6
KDLYAN(+.98)C(+57.02)VLSGGSTMFPGIADR,27.01,2372.1140,22,8.2,791.7184,34.66,1.3E4,1,11893,AK-171.raw,1,,Deamidation (NQ); Carbamidomethylation,N6:Deamidation (NQ):1000.00;C7:Carbamidomethylation:1000.00,1.3E4
NPFLLVK,27.00,829.5062,7,-0.7,415.7601,27.46,2.05E6,1,8477,AK-171.raw,1,odontosyllis_best|TRINITY_DN43127_c1_g6_i1:odontosyllis_best|TRINITY_DN43127_c1_g6_i2,,,2.05E6
IGMDFC(+57.02)R,26.97,897.3837,7,0.1,449.6992,23.08,1.43E5,1,6414,AK-171.raw,1,odontosyllis_best|TRINITY_DN44733_c12_g1_i5:odontosyllis_best|TRINITY_DN44733_c12_g1_i1,Carbamidomethylation,C6:Carbamidomethylation:1000.00,1.43E5
SGGTTMYPGIADR,26.95,1324.6082,13,0.0,663.3113,21.92,2.05E5,1,5880,AK-171.raw,1,odontosyllis_best|TRINITY_DN44444_c3_g2_i1,,,2.05E5
FEPNNVEDFK,26.93,1237.5615,10,2.6,619.7897,33.04,1.79E6,1,11161,AK-171.raw,1,odontosyllis_best|TRINITY_DN71820_c0_g1_i1,,,1.79E6
VVPDILLELGK,26.85,1194.7223,11,0.2,598.3685,39.55,7.27E5,1,13952,AK-171.raw,1,odontosyllis_best|TRINITY_DN44866_c2_g1_i1,,,7.27E5
LPTIAAIIYR,26.81,1129.6859,10,-0.6,565.8499,36.25,6.88E5,1,12588,AK-171.raw,1,odontosyllis_best|TRINITY_DN44866_c2_g1_i1,,,6.88E5
WDTAAPEAILHAAGGK,26.69,1606.8103,16,0.8,536.6111,30.65,8.99E5,1,9993,AK-171.raw,1,odontosyllis_best|TRINITY_DN10215_c0_g1_i1,,,8.99E5
HQGVMVGM(+15.99)GQK,26.66,1186.5587,11,0.1,594.2867,13.24,2.83E6,1,2533,AK-171.raw,1,odontosyllis_best|TRINITY_DN44444_c3_g2_i1:odontosyllis_best|TRINITY_DN47012_c9_g1_i7,Oxidation (M),M8:Oxidation (M):29.32,2.83E6
GLVTETSVLDPEEGIR,26.58,1713.8784,16,-0.9,857.9457,32.85,5.68E5,1,11061,AK-171.raw,1,odontosyllis_best|TRINITY_DN44866_c2_g1_i1,,,5.68E5
IVATVLNNQQTYAEWK,26.39,1876.9683,16,-0.3,939.4911,30.72,3.28E5,1,10026,AK-171.raw,1,odontosyllis_best|TRINITY_DN44733_c12_g1_i5:odontosyllis_best|TRINITY_DN44733_c12_g1_i1,,,3.28E5
ALGFEVK,26.27,762.4276,7,-0.8,382.2207,22.05,4.96E5,1,5937,AK-171.raw,1,odontosyllis_best|TRINITY_DN44733_c12_g1_i5:odontosyllis_best|TRINITY_DN44733_c12_g1_i1,,,4.96E5
ESAGIHETSYNSIMK,26.10,1665.7668,15,-3.0,833.8882,19.83,2.31E5,1,4976,AK-171.raw,1,odontosyllis_best|TRINITY_DN44444_c3_g2_i1:odontosyllis_best|TRINITY_DN47012_c9_g1_i7,,,2.31E5
LATYC(+57.02)IER,26.05,1024.5011,8,0.3,513.2580,19.76,1.87E5,1,4945,AK-171.raw,1,odontosyllis_best|TRINITY_DN41904_c0_g1_i1:odontosyllis_best|TRINITY_DN41904_c0_g1_i3,Carbamidomethylation,C5:Carbamidomethylation:1000.00,1.87E5
FFILPVEK,26.02,991.5742,8,0.2,496.7945,34.26,3.13E5,1,11695,AK-171.raw,1,odontosyllis_best|TRINITY_DN39408_c0_g1_i1,,,3.13E5
FVSIDDLYEPIDDGTK,25.87,1825.8621,16,-0.7,913.9377,39.00,7.69E4,1,13726,AK-171.raw,1,odontosyllis_best|TRINITY_DN44693_c5_g1_i12:odontosyllis_best|TRINITY_DN44693_c5_g1_i8:odontosyllis_best|TRINITY_DN44693_c5_g1_i9:odontosyllis_best|TRINITY_DN44693_c5_g1_i6:odontosyllis_best|TRINITY_DN44693_c5_g1_i7:odontosyllis_best|TRINITY_DN44693_c5_g1_i11:odontosyllis_best|TRINITY_DN44693_c5_g1_i1:odontosyllis_best|TRINITY_DN44693_c5_g1_i3:odontosyllis_best|TRINITY_DN44693_c5_g1_i4:odontosyllis_best|TRINITY_DN44693_c5_g1_i5:odontosyllis_best|TRINITY_DN44693_c5_g1_i10,,,7.69E4
IIVVINPGNPTGQVLTR,25.86,1790.0414,17,-0.4,896.0276,34.05,2.25E5,1,11607,AK-171.raw,1,odontosyllis_best|TRINITY_DN45713_c4_g1_i5,,,2.25E5
ILDFGLAR,25.75,903.5178,8,0.1,452.7662,31.35,1.15E6,1,10327,AK-171.raw,1,odontosyllis_best|TRINITY_DN46538_c6_g1_i4:odontosyllis_best|TRINITY_DN46538_c6_g1_i2:odontosyllis_best|TRINITY_DN30152_c0_g1_i1,,,1.15E6
IIDFGLAR,25.75,903.5178,8,0.1,452.7662,31.35,1.15E6,1,10327,AK-171.raw,1,,,,1.15E6
VALDFEQEM(+15.99)ATAASSSSLEK,25.73,2128.9834,20,0.7,1065.4998,29.71,2.2E5,1,9542,AK-171.raw,1,odontosyllis_best|TRINITY_DN44444_c3_g2_i1,Oxidation (M),M9:Oxidation (M):1000.00,2.2E5
VLDLSFNR,25.56,962.5185,8,-2.1,482.2655,28.33,6.92E5,1,8905,AK-171.raw,1,odontosyllis_best|TRINITY_DN44002_c3_g3_i5:odontosyllis_best|TRINITY_DN44002_c3_g3_i1:odontosyllis_best|TRINITY_DN44002_c3_g3_i3:odontosyllis_best|TRINITY_DN44002_c3_g3_i6:odontosyllis_best|TRINITY_DN44002_c3_g3_i7:odontosyllis_best|TRINITY_DN44002_c3_g3_i2:odontosyllis_best|TRINITY_DN44002_c3_g3_i4,,,6.92E5
LAVLYNAGSR,25.39,1062.5822,10,0.9,532.2988,22.01,2.2E5,1,5918,AK-171.raw,1,odontosyllis_best|TRINITY_DN42009_c8_g1_i1,,,2.2E5
VAAFMGFEGDQLK,25.28,1411.6805,13,-0.1,706.8475,32.81,7.52E5,1,11044,AK-171.raw,1,odontosyllis_best|TRINITY_DN45769_c8_g1_i1:odontosyllis_best|TRINITY_DN45769_c8_g1_i2,,,7.52E5
QFASSSK,25.25,753.3657,7,-8.4,377.6870,21.64,6.73E4,1,5745,AK-171.raw,1,odontosyllis_best|TRINITY_DN43056_c6_g1_i6:odontosyllis_best|TRINITY_DN22147_c0_g1_i1:odontosyllis_best|TRINITY_DN43056_c6_g1_i4:odontosyllis_best|TRINITY_DN43056_c6_g1_i1:odontosyllis_best|TRINITY_DN43056_c6_g1_i9:odontosyllis_best|TRINITY_DN43056_c6_g1_i12:odontosyllis_best|TRINITY_DN43056_c6_g1_i5:odontosyllis_best|TRINITY_DN43056_c6_g1_i13:odontosyllis_best|TRINITY_DN43056_c6_g1_i2:odontosyllis_best|TRINITY_DN43056_c6_g1_i7:odontosyllis_best|TRINITY_DN43056_c6_g1_i8,,,6.73E4
TVPIYEGYALPH,25.24,1358.6870,12,0.4,680.3511,32.52,1.11E8,1,10920,AK-171.raw,1,odontosyllis_best|TRINITY_DN44444_c3_g2_i1:odontosyllis_best|TRINITY_DN47012_c9_g1_i7,,,1.11E8
VRPVLEALPK,25.20,1120.6968,10,-1.1,374.5724,20.66,2.67E5,1,5350,AK-171.raw,1,odontosyllis_best|TRINITY_DN39840_c9_g1_i2:odontosyllis_best|TRINITY_DN39840_c9_g1_i4,,,2.67E5
MQIFVK,25.18,764.4255,6,-1.6,383.2194,21.82,2.23E5,1,5836,AK-171.raw,1,odontosyllis_best|TRINITY_DN42571_c3_g1_i7:odontosyllis_best|TRINITY_DN42571_c3_g1_i11:odontosyllis_best|TRINITY_DN42571_c3_g1_i8:odontosyllis_best|TRINITY_DN42571_c3_g1_i6:odontosyllis_best|TRINITY_DN42588_c0_g3_i1:odontosyllis_best|TRINITY_DN78409_c0_g1_i1:odontosyllis_best|TRINITY_DN42588_c0_g2_i4:odontosyllis_best|TRINITY_DN42588_c0_g2_i1:odontosyllis_best|TRINITY_DN42588_c0_g2_i8:odontosyllis_best|TRINITY_DN42588_c0_g2_i5:odontosyllis_best|TRINITY_DN42588_c0_g2_i2:odontosyllis_best|TRINITY_DN42588_c0_g2_i7:odontosyllis_best|TRINITY_DN42588_c0_g2_i3:odontosyllis_best|TRINITY_DN42588_c0_g2_i6,,,2.23E5
PIYEGYALPH,25.13,1158.5709,10,3.2,580.2946,32.36,2.24E4,1,10838,AK-171.raw,1,odontosyllis_best|TRINITY_DN44444_c3_g2_i1:odontosyllis_best|TRINITY_DN47012_c9_g1_i7,,,2.24E4
MSVSEFLK,25.00,939.4735,8,-1.3,470.7434,29.92,4.21E5,1,9651,AK-171.raw,1,odontosyllis_best|TRINITY_DN39763_c0_g1_i1,,,4.21E5
GDILALDLGGTNFR,24.99,1460.7623,14,-0.6,731.3880,38.68,2.12E5,1,13597,AK-171.raw,1,odontosyllis_best|TRINITY_DN46208_c2_g1_i5:odontosyllis_best|TRINITY_DN46208_c2_g1_i7:odontosyllis_best|TRINITY_DN46208_c2_g1_i9:odontosyllis_best|TRINITY_DN46208_c2_g1_i13:odontosyllis_best|TRINITY_DN46208_c2_g1_i2:odontosyllis_best|TRINITY_DN46208_c2_g1_i4:odontosyllis_best|TRINITY_DN46208_c2_g1_i14:odontosyllis_best|TRINITY_DN46208_c2_g1_i10:odontosyllis_best|TRINITY_DN46208_c2_g1_i11:odontosyllis_best|TRINITY_DN46208_c2_g1_i15:odontosyllis_best|TRINITY_DN46208_c2_g1_i12:odontosyllis_best|TRINITY_DN46208_c2_g1_i8,,,2.12E5
RTILGPTENIQSISR,24.98,1683.9268,15,-0.6,562.3159,23.01,1.29E5,1,6376,AK-171.raw,1,odontosyllis_best|TRINITY_DN43285_c4_g1_i1,,,1.29E5
YALPHAILR,24.94,1052.6130,9,0.0,351.8783,22.86,6.64E5,1,6308,AK-171.raw,1,odontosyllis_best|TRINITY_DN44444_c3_g2_i1:odontosyllis_best|TRINITY_DN47012_c9_g1_i7,,,6.64E5
MVMAGAGGVNHEELVALAK,24.91,1895.9597,19,0.1,632.9939,27.53,9.84E6,1,8510,AK-171.raw,1,odontosyllis_best|TRINITY_DN43285_c4_g1_i1,,,9.84E6
SHLLYK,24.78,759.4279,6,-1.2,380.7208,14.63,1.09E5,1,2995,AK-171.raw,1,odontosyllis_best|TRINITY_DN36609_c0_g1_i1,,,1.09E5
SHILYK,24.78,759.4279,6,-1.2,380.7208,14.63,1.09E5,1,2995,AK-171.raw,1,,,,1.09E5
SHLIYK,24.78,759.4279,6,-1.2,380.7208,14.63,1.09E5,1,2995,AK-171.raw,1,,,,1.09E5
VVDLLAPYAK,24.68,1087.6277,10,-1.4,544.8204,30.76,7.54E5,1,10042,AK-171.raw,1,odontosyllis_best|TRINITY_DN41547_c4_g1_i1,,,7.54E5
C(+57.02)DVDIRK,24.67,904.4436,7,0.5,453.2293,13.44,2.94E6,1,2603,AK-171.raw,1,odontosyllis_best|TRINITY_DN44444_c3_g2_i1:odontosyllis_best|TRINITY_DN47012_c9_g1_i7,Carbamidomethylation,C1:Carbamidomethylation:1000.00,2.94E6
AGFAGDDAPR,24.64,975.4410,10,-0.3,488.7276,16.60,6.13E5,1,3689,AK-171.raw,2,odontosyllis_best|TRINITY_DN44444_c3_g2_i1,,,2.25E7
NVIAINQDPMGK,24.64,1298.6653,12,-1.9,650.3387,24.84,1.27E5,1,7222,AK-171.raw,1,odontosyllis_best|TRINITY_DN45749_c2_g1_i13,,,1.27E5
KDLYANTVLSGGTTM(+15.99)YPGIADR,24.64,2358.1526,22,0.0,787.0581,30.49,1.65E6,1,9919,AK-171.raw,1,odontosyllis_best|TRINITY_DN44444_c3_g2_i1,Oxidation (M),M15:Oxidation (M):1000.00,1.65E6
FPSIVGRPR,24.56,1027.5927,9,-1.0,514.8031,23.18,1.34E7,1,6466,AK-171.raw,1,odontosyllis_best|TRINITY_DN44444_c3_g2_i1:odontosyllis_best|TRINITY_DN47012_c9_g1_i7,,,1.34E7
LDSILDKLR,24.33,1071.6288,9,0.3,536.8218,26.94,1.03E6,1,8214,AK-171.raw,1,odontosyllis_best|TRINITY_DN42466_c0_g1_i1,,,1.03E6
VTAEALATLDGDLKGK,24.32,1600.8672,16,1.5,534.6305,27.90,1.64E5,1,8688,AK-171.raw,1,odontosyllis_best|TRINITY_DN11841_c0_g1_i1,,,1.64E5
IINVIGEPIDER,24.29,1366.7456,12,0.9,684.3807,29.87,6.46E5,1,9626,AK-171.raw,1,odontosyllis_best|TRINITY_DN41547_c4_g1_i1,,,6.46E5
DLTDYLM(+15.99)K,24.19,1013.4739,8,0.4,507.7444,30.70,2.18E8,1,10018,AK-171.raw,9,odontosyllis_best|TRINITY_DN44444_c3_g2_i1:odontosyllis_best|TRINITY_DN47012_c9_g1_i7,Oxidation (M),M7:Oxidation (M):1000.00,5.06E8
PSIVGRPR,24.14,880.5242,8,0.7,441.2697,22.71,4.92E6,1,6231,AK-171.raw,1,odontosyllis_best|TRINITY_DN44444_c3_g2_i1:odontosyllis_best|TRINITY_DN47012_c9_g1_i7,,,4.92E6
TMFPGIADR,24.08,1006.4906,9,1.3,504.2532,26.91,3.39E6,1,8201,AK-171.raw,1,odontosyllis_best|TRINITY_DN47012_c9_g1_i7,,,3.39E6
GNLDEPVADLIAHQR,24.08,1646.8376,15,-0.2,549.9531,29.61,6.74E5,1,9498,AK-171.raw,1,odontosyllis_best|TRINITY_DN27005_c0_g1_i1,,,6.74E5
SVEDWVNAR,24.07,1074.5094,9,-2.0,538.2609,25.24,1.42E6,1,7413,AK-171.raw,1,odontosyllis_best|TRINITY_DN41904_c0_g1_i1,,,1.42E6
GIC(+57.02)LPPIC(+57.02)TR,23.94,1185.5999,10,0.1,593.8073,29.01,8.23E6,1,9208,AK-171.raw,1,odontosyllis_best|TRINITY_DN42466_c0_g1_i1,Carbamidomethylation,C3:Carbamidomethylation:1000.00;C8:Carbamidomethylation:1000.00,8.23E6
VLDLSIVK,23.90,885.5535,8,-0.4,443.7838,29.33,9.47E5,1,9359,AK-171.raw,1,odontosyllis_best|TRINITY_DN44144_c3_g2_i4:odontosyllis_best|TRINITY_DN44144_c3_g2_i1,,,9.47E5
SGEQVAIPGNVVAILK,23.69,1593.9089,16,0.5,797.9622,37.03,3.89E5,1,12913,AK-171.raw,1,odontosyllis_best|TRINITY_DN43127_c1_g6_i1:odontosyllis_best|TRINITY_DN43127_c1_g6_i2,,,3.89E5
YLPLDPESR,23.66,1088.5502,9,-0.1,545.2823,25.61,9.28E4,1,7597,AK-171.raw,1,odontosyllis_best|TRINITY_DN42463_c6_g1_i1,,,9.28E4
ALPHAILR,23.64,889.5497,8,-0.4,445.7820,17.87,4.55E6,1,4180,AK-171.raw,1,odontosyllis_best|TRINITY_DN44444_c3_g2_i1:odontosyllis_best|TRINITY_DN47012_c9_g1_i7,,,4.55E6
EVQNYESELFK,23.63,1384.6510,11,-1.2,693.3320,28.58,2.24E5,1,9023,AK-171.raw,1,odontosyllis_best|TRINITY_DN46258_c3_g2_i7:odontosyllis_best|TRINITY_DN46258_c3_g2_i2,,,2.24E5
NLLSVAYK,23.61,906.5175,8,0.0,454.2660,24.72,3.64E5,1,7164,AK-171.raw,1,,,,3.64E5
VPVSELDAR,23.60,984.5240,9,0.6,493.2696,18.48,3.12E5,1,4422,AK-171.raw,1,odontosyllis_best|TRINITY_DN43285_c4_g1_i1,,,3.12E5
AVTGFGSR,23.54,793.4082,8,-1.2,397.7109,18.32,6.21E4,1,4356,AK-171.raw,1,odontosyllis_best|TRINITY_DN46679_c2_g2_i3:odontosyllis_best|TRINITY_DN46679_c2_g2_i2,,,6.21E4
SGM(+15.99)YWMR,23.49,945.3837,7,0.7,473.6995,20.17,2.84E5,1,5141,AK-171.raw,1,odontosyllis_best|TRINITY_DN43285_c4_g1_i1,Oxidation (M),M3:Oxidation (M):38.16,2.84E5
DLKPSNLLLNTTC(+57.02)DLK,23.47,1843.9713,16,-0.2,615.6642,32.48,8.74E5,1,10899,AK-171.raw,1,odontosyllis_best|TRINITY_DN42583_c3_g1_i1,Carbamidomethylation,C13:Carbamidomethylation:1000.00,8.74E5
GAIDFIR,23.39,790.4337,7,-1.0,396.2237,25.97,8.69E5,1,7753,AK-171.raw,1,odontosyllis_best|TRINITY_DN46208_c2_g1_i5:odontosyllis_best|TRINITY_DN46208_c2_g1_i7:odontosyllis_best|TRINITY_DN46208_c2_g1_i9:odontosyllis_best|TRINITY_DN46208_c2_g1_i13:odontosyllis_best|TRINITY_DN46208_c2_g1_i2:odontosyllis_best|TRINITY_DN46208_c2_g1_i4:odontosyllis_best|TRINITY_DN46208_c2_g1_i14:odontosyllis_best|TRINITY_DN46208_c2_g1_i10:odontosyllis_best|TRINITY_DN46208_c2_g1_i11:odontosyllis_best|TRINITY_DN46208_c2_g1_i15:odontosyllis_best|TRINITY_DN46208_c2_g1_i12:odontosyllis_best|TRINITY_DN46208_c2_g1_i8,,,8.69E5
VLGPC(+57.02)GDILK,23.26,1070.5793,10,0.2,536.2971,25.71,3.18E5,1,7640,AK-171.raw,1,odontosyllis_best|TRINITY_DN42321_c2_g1_i3:odontosyllis_best|TRINITY_DN42321_c2_g1_i16:odontosyllis_best|TRINITY_DN42321_c2_g1_i19:odontosyllis_best|TRINITY_DN42321_c2_g1_i7:odontosyllis_best|TRINITY_DN42321_c2_g1_i8:odontosyllis_best|TRINITY_DN42321_c2_g1_i1:odontosyllis_best|TRINITY_DN42321_c2_g1_i18:odontosyllis_best|TRINITY_DN42321_c2_g1_i13:odontosyllis_best|TRINITY_DN42321_c2_g1_i15:odontosyllis_best|TRINITY_DN42321_c2_g1_i11:odontosyllis_best|TRINITY_DN42321_c2_g1_i20:odontosyllis_best|TRINITY_DN42321_c2_g1_i4,Carbamidomethylation,C5:Carbamidomethylation:1000.00,3.18E5
LTPTVFTR,23.21,933.5283,8,-0.5,467.7712,22.49,7.19E5,1,6134,AK-171.raw,1,odontosyllis_best|TRINITY_DN40296_c6_g1_i2:odontosyllis_best|TRINITY_DN40296_c6_g1_i4,,,7.19E5
LLQWIQNK,23.11,1041.5970,8,0.6,521.8061,26.95,1.3E5,1,8223,AK-171.raw,1,odontosyllis_best|TRINITY_DN46194_c3_g1_i18:odontosyllis_best|TRINITY_DN46194_c3_g1_i3:odontosyllis_best|TRINITY_DN46194_c3_g1_i1:odontosyllis_best|TRINITY_DN46194_c3_g1_i6:odontosyllis_best|TRINITY_DN46194_c3_g1_i16:odontosyllis_best|TRINITY_DN46194_c3_g1_i2,,,1.3E5
EQTVYYAK,23.05,1000.4865,8,-0.8,501.2501,15.85,9.53E4,1,3421,AK-171.raw,1,odontosyllis_best|TRINITY_DN43285_c4_g1_i1,,,9.53E4
IESILIGPDR,23.05,1111.6237,10,2.5,556.8205,27.70,3.31E5,1,8591,AK-171.raw,1,odontosyllis_best|TRINITY_DN1296_c0_g1_i1,,,3.31E5
IIAPPER,22.97,794.4650,7,-2.4,398.2388,17.18,,1,3904,AK-171.raw,1,odontosyllis_best|TRINITY_DN44444_c3_g2_i1:odontosyllis_best|TRINITY_DN47012_c9_g1_i7,,,
LDSILDK,22.95,802.4436,7,-0.9,402.2287,20.55,9.4E5,1,5306,AK-171.raw,1,odontosyllis_best|TRINITY_DN42466_c0_g1_i1,,,9.4E5
LDSLIDK,22.95,802.4436,7,-0.9,402.2287,20.55,9.4E5,1,5306,AK-171.raw,1,,,,9.4E5
LDSIIDK,22.95,802.4436,7,-0.9,402.2287,20.55,9.4E5,1,5306,AK-171.raw,1,,,,9.4E5
LDSLLDK,22.95,802.4436,7,-0.9,402.2287,20.55,9.4E5,1,5306,AK-171.raw,1,,,,9.4E5
WSLDTNELQR,22.81,1260.6099,10,0.5,631.3125,28.41,4.03E5,1,8944,AK-171.raw,1,odontosyllis_best|TRINITY_DN45713_c4_g1_i5,,,4.03E5
VLLILEGR,22.75,911.5804,8,-0.2,456.7974,30.28,4.44E6,1,9811,AK-171.raw,1,odontosyllis_best|TRINITY_DN10215_c0_g1_i1,,,4.44E6
VLIILEGR,22.75,911.5804,8,-0.2,456.7974,30.28,4.44E6,1,9811,AK-171.raw,1,,,,4.44E6
ALDLLGR,22.64,756.4493,7,-1.3,379.2314,25.85,2.7E6,1,7704,AK-171.raw,1,odontosyllis_best|TRINITY_DN42583_c3_g1_i1,,,2.7E6
ALDLIGR,22.64,756.4493,7,-1.3,379.2314,25.85,2.7E6,1,7704,AK-171.raw,1,,,,2.7E6
ALDILGR,22.64,756.4493,7,-1.3,379.2314,25.85,2.7E6,1,7704,AK-171.raw,1,,,,2.7E6
AIDLLGR,22.64,756.4493,7,-1.3,379.2314,25.85,2.7E6,1,7704,AK-171.raw,1,,,,2.7E6
PIDDLIPK,22.60,909.5171,8,1.9,455.7667,28.22,7.1E5,1,8851,AK-171.raw,1,odontosyllis_best|TRINITY_DN42466_c0_g1_i1,,,7.1E5
LYAEFDR,22.57,912.4341,7,0.0,457.2243,21.08,1.3E5,1,5526,AK-171.raw,1,odontosyllis_best|TRINITY_DN47034_c9_g1_i2:odontosyllis_best|TRINITY_DN47034_c9_g1_i9,,,1.3E5
EKLC(+57.02)YVALDFEQEM(+15.99)ATAASSSSLEK,22.53,2822.2991,25,0.1,941.7737,33.39,2.57E5,1,11314,AK-171.raw,1,odontosyllis_best|TRINITY_DN44444_c3_g2_i1,Carbamidomethylation; Oxidation (M),C4:Carbamidomethylation:1000.00;M14:Oxidation (M):1000.00,2.57E5
RGTGGVDTAAVGGTYDISNSDR,22.39,2168.0093,22,0.0,723.6770,21.32,3.05E5,1,5614,AK-171.raw,1,odontosyllis_best|TRINITY_DN42466_c0_g1_i1,,,3.05E5
VFLLAAR,22.37,788.4908,7,-1.1,395.2523,26.31,1.67E5,1,7909,AK-171.raw,1,odontosyllis_best|TRINITY_DN43494_c1_g1_i3:odontosyllis_best|TRINITY_DN43494_c1_g1_i7:odontosyllis_best|TRINITY_DN43494_c1_g1_i1:odontosyllis_best|TRINITY_DN43494_c1_g1_i4:odontosyllis_best|TRINITY_DN43494_c1_g1_i5:odontosyllis_best|TRINITY_DN43494_c1_g1_i8:odontosyllis_best|TRINITY_DN43494_c1_g1_i2,,,1.67E5
FQVTEWPK,22.25,1033.5232,8,-0.7,517.7685,26.62,5.3E5,1,8055,AK-171.raw,1,odontosyllis_best|TRINITY_DN46258_c3_g2_i7:odontosyllis_best|TRINITY_DN46258_c3_g2_i2,,,5.3E5
GAIAEAELAR,22.17,999.5349,10,0.5,500.7749,19.58,4.87E4,1,4863,AK-171.raw,1,odontosyllis_best|TRINITY_DN42009_c8_g1_i1,,,4.87E4
DVAALVVDNGSGMC(+57.02)K,22.15,1534.7119,15,0.0,768.3632,29.91,6.95E5,1,9646,AK-171.raw,1,odontosyllis_best|TRINITY_DN44444_c3_g2_i1,Carbamidomethylation,C14:Carbamidomethylation:1000.00,6.95E5
ELPDGQVITIGNER,22.05,1539.7893,14,1.1,770.9028,28.69,1.72E6,1,9071,AK-171.raw,1,odontosyllis_best|TRINITY_DN44444_c3_g2_i1:odontosyllis_best|TRINITY_DN47012_c9_g1_i7,,,1.72E6
VSLVYGQMNEPPGAR,22.03,1616.7981,15,1.1,809.4072,26.64,6.73E4,1,8066,AK-171.raw,1,odontosyllis_best|TRINITY_DN41547_c4_g1_i1,,,6.73E4
VIVAEEFNK,21.94,1047.5601,9,1.7,524.7882,21.68,8.73E4,1,5764,AK-171.raw,1,odontosyllis_best|TRINITY_DN45771_c3_g1_i2,,,8.73E4
YFNVYKEEYK,21.91,1381.6554,10,-0.3,461.5589,20.37,3.2E5,1,5226,AK-171.raw,1,odontosyllis_best|TRINITY_DN43127_c1_g6_i1:odontosyllis_best|TRINITY_DN43127_c1_g6_i2,,,3.2E5
DVVVPLILR,21.67,1022.6488,9,0.3,512.3318,38.42,6.98E4,1,13490,AK-171.raw,1,odontosyllis_best|TRINITY_DN41488_c6_g1_i3:odontosyllis_best|TRINITY_DN41488_c6_g1_i8:odontosyllis_best|TRINITY_DN41488_c6_g1_i2,,,6.98E4
NVVPLWSR,21.66,969.5396,8,-1.1,485.7765,27.41,4.56E6,1,8450,AK-171.raw,1,odontosyllis_best|TRINITY_DN41904_c0_g1_i1,,,4.56E6
DDVAALVVDNGSGMC(+57.02)K,21.60,1649.7389,16,0.8,825.8774,31.29,7.57E5,1,10301,AK-171.raw,1,odontosyllis_best|TRINITY_DN44444_c3_g2_i1,Carbamidomethylation,C15:Carbamidomethylation:1000.00,7.57E5
FGIIER,21.56,733.4122,6,-1.1,367.7130,22.48,9.99E5,1,6128,AK-171.raw,1,,,,9.99E5
TAGTSFMMTPYVVTR,21.56,1660.7953,15,-5.5,831.4004,33.80,6.94E4,1,11498,AK-171.raw,1,odontosyllis_best|TRINITY_DN30152_c0_g1_i1,,,6.94E4
LPDVIGAR,21.55,839.4865,8,-1.2,420.7500,22.48,8.43E5,1,6127,AK-171.raw,1,odontosyllis_best|TRINITY_DN36784_c0_g1_i1,,,8.43E5
C(+57.02)IMASLYK,21.54,984.4772,8,-0.1,493.2458,24.04,5.28E5,1,6839,AK-171.raw,1,odontosyllis_best|TRINITY_DN72587_c0_g1_i1,Carbamidomethylation,C1:Carbamidomethylation:1000.00,5.28E5
TVPIYEGYALPHAILR,21.43,1811.9934,16,-0.4,907.0037,33.30,9.48E5,1,11277,AK-171.raw,1,odontosyllis_best|TRINITY_DN44444_c3_g2_i1:odontosyllis_best|TRINITY_DN47012_c9_g1_i7,,,9.48E5
IPSAVGYQPTLATDMGTMQER,21.31,2265.0769,21,-0.9,756.0322,33.25,1.16E5,1,11259,AK-171.raw,1,odontosyllis_best|TRINITY_DN41547_c4_g1_i1,,,1.16E5
ILAIFDK,21.27,818.4902,7,-0.3,410.2523,29.29,7.02E5,1,9341,AK-171.raw,1,odontosyllis_best|TRINITY_DN46700_c5_g3_i1,,,7.02E5
ILALFDK,21.27,818.4902,7,-0.3,410.2523,29.29,7.02E5,1,9341,AK-171.raw,1,odontosyllis_best|TRINITY_DN26682_c0_g1_i1:odontosyllis_best|TRINITY_DN44039_c0_g3_i1,,,7.02E5
IIALFDK,21.27,818.4902,7,-0.3,410.2523,29.29,7.02E5,1,9341,AK-171.raw,1,odontosyllis_best|TRINITY_DN45820_c8_g1_i1,,,7.02E5
LIALFDK,21.27,818.4902,7,-0.3,410.2523,29.29,7.02E5,1,9341,AK-171.raw,1,odontosyllis_best|TRINITY_DN40666_c1_g8_i5,,,7.02E5
LIYEAVLK,21.21,947.5692,8,-0.3,474.7917,27.80,2.86E5,1,8636,AK-171.raw,1,odontosyllis_best|TRINITY_DN41354_c6_g1_i1,,,2.86E5
STMFPGIADR,21.18,1093.5226,10,1.7,547.7695,27.23,1.25E6,1,8363,AK-171.raw,1,odontosyllis_best|TRINITY_DN47012_c9_g1_i7,,,1.25E6
NTVLSGGTTMYPGIADR,21.16,1751.8512,17,-2.0,876.9311,29.34,1.02E5,1,9364,AK-171.raw,1,odontosyllis_best|TRINITY_DN44444_c3_g2_i1,,,1.02E5
TFYENLR,21.10,941.4606,7,0.0,471.7376,21.26,3.99E6,1,5593,AK-171.raw,1,odontosyllis_best|TRINITY_DN43139_c5_g1_i1:odontosyllis_best|TRINITY_DN43139_c5_g1_i2,,,3.99E6
