Protein Group,Protein ID,Accession,-10lgP,Coverage (%),#Peptides,#Unique,PTM,Avg. Mass,Description
2,2,odontosyllis_best|TRINITY_DN44444_c3_g2_i1,214.27,60,42,3,Carbamidomethylation; Oxidation (M); Deamidation (NQ),92159,odontosyllis_best|TRINITY_DN44444_c3_g2_i1
3,3,odontosyllis_best|TRINITY_DN47012_c9_g1_i7,192.61,35,31,2,Carbamidomethylation; Oxidation (M); Deamidation (NQ),146915,odontosyllis_best|TRINITY_DN47012_c9_g1_i7
6,8,odontosyllis_best|TRINITY_DN42466_c0_g1_i1,142.62,21,14,14,Carbamidomethylation,161876,odontosyllis_best|TRINITY_DN42466_c0_g1_i1
7,12,odontosyllis_best|TRINITY_DN43285_c4_g1_i1,140.31,22,16,16,Carbamidomethylation; Oxidation (M); Deamidation (NQ),165698,odontosyllis_best|TRINITY_DN43285_c4_g1_i1
9,17,odontosyllis_best|TRINITY_DN44733_c12_g1_i5,122.34,9,7,7,Carbamidomethylation,231768,odontosyllis_best|TRINITY_DN44733_c12_g1_i5
9,18,odontosyllis_best|TRINITY_DN44733_c12_g1_i1,122.34,8,7,7,Carbamidomethylation,268361,odontosyllis_best|TRINITY_DN44733_c12_g1_i1
8,21,odontosyllis_best|TRINITY_DN36609_c0_g1_i1,103.29,13,6,5,Oxidation (M),134454,odontosyllis_best|TRINITY_DN36609_c0_g1_i1
28,104,odontosyllis_best|TRINITY_DN29790_c0_g1_i1,87.05,13,3,3,Carbamidomethylation,74236,odontosyllis_best|TRINITY_DN29790_c0_g1_i1
11,27,odontosyllis_best|TRINITY_DN44735_c5_g1_i1,86.77,9,4,4,,144154,odontosyllis_best|TRINITY_DN44735_c5_g1_i1
11,28,odontosyllis_best|TRINITY_DN44735_c5_g1_i2,86.77,8,4,4,,156893,odontosyllis_best|TRINITY_DN44735_c5_g1_i2
10,38,odontosyllis_best|TRINITY_DN41904_c0_g1_i1,86.36,17,5,3,Carbamidomethylation; Deamidation (NQ),67611,odontosyllis_best|TRINITY_DN41904_c0_g1_i1
21,50,odontosyllis_best|TRINITY_DN46538_c6_g1_i4,84.59,8,3,2,,122061,odontosyllis_best|TRINITY_DN46538_c6_g1_i4
21,51,odontosyllis_best|TRINITY_DN46538_c6_g1_i2,84.59,6,3,2,,159342,odontosyllis_best|TRINITY_DN46538_c6_g1_i2
18,41,odontosyllis_best|TRINITY_DN24165_c0_g1_i1,82.74,18,3,3,Deamidation (NQ),49074,odontosyllis_best|TRINITY_DN24165_c0_g1_i1
12,25,odontosyllis_best|TRINITY_DN36784_c0_g1_i1,82.07,11,5,5,,124389,odontosyllis_best|TRINITY_DN36784_c0_g1_i1
17,52,odontosyllis_best|TRINITY_DN41547_c4_g1_i1,81.67,8,5,5,,226254,odontosyllis_best|TRINITY_DN41547_c4_g1_i1
13,33,odontosyllis_best|TRINITY_DN43127_c1_g6_i1,78.39,10,6,6,,186104,odontosyllis_best|TRINITY_DN43127_c1_g6_i1
13,34,odontosyllis_best|TRINITY_DN43127_c1_g6_i2,78.39,10,6,6,,187506,odontosyllis_best|TRINITY_DN43127_c1_g6_i2
14,35,odontosyllis_best|TRINITY_DN43505_c5_g1_i8,73.48,4,4,4,,248550,odontosyllis_best|TRINITY_DN43505_c5_g1_i8
14,36,odontosyllis_best|TRINITY_DN43505_c5_g1_i3,73.48,4,4,4,,251992,odontosyllis_best|TRINITY_DN43505_c5_g1_i3
19,48,odontosyllis_best|TRINITY_DN46522_c1_g2_i2,68.82,2,3,3,,476759,odontosyllis_best|TRINITY_DN46522_c1_g2_i2
20,45,odontosyllis_best|TRINITY_DN42583_c3_g1_i1,67.56,9,5,5,Carbamidomethylation,171819,odontosyllis_best|TRINITY_DN42583_c3_g1_i1
37,68,odontosyllis_best|TRINITY_DN34572_c0_g1_i3,65.36,13,3,2,,60571,odontosyllis_best|TRINITY_DN34572_c0_g1_i3
37,69,odontosyllis_best|TRINITY_DN34572_c0_g1_i1,65.36,13,3,2,,61892,odontosyllis_best|TRINITY_DN34572_c0_g1_i1
37,70,odontosyllis_best|TRINITY_DN34572_c0_g1_i2,65.36,11,3,2,,72388,odontosyllis_best|TRINITY_DN34572_c0_g1_i2
15,55,odontosyllis_best|TRINITY_DN44866_c2_g1_i1,63.77,5,4,4,Carbamidomethylation,228703,odontosyllis_best|TRINITY_DN44866_c2_g1_i1
16,75,odontosyllis_best|TRINITY_DN45713_c4_g1_i5,63.70,5,3,3,,200199,odontosyllis_best|TRINITY_DN45713_c4_g1_i5
42,71,odontosyllis_best|TRINITY_DN27005_c0_g1_i1,63.48,20,3,3,Carbamidomethylation,47785,odontosyllis_best|TRINITY_DN27005_c0_g1_i1
22,42,odontosyllis_best|TRINITY_DN47034_c9_g1_i2,63.40,16,4,2,Carbamidomethylation,72781,odontosyllis_best|TRINITY_DN47034_c9_g1_i2
22,43,odontosyllis_best|TRINITY_DN47034_c9_g1_i9,63.40,14,4,2,Carbamidomethylation,83024,odontosyllis_best|TRINITY_DN47034_c9_g1_i9
55,169,odontosyllis_best|TRINITY_DN11841_c0_g1_i1,61.51,21,2,2,,18938,odontosyllis_best|TRINITY_DN11841_c0_g1_i1
23,54,odontosyllis_best|TRINITY_DN41284_c6_g1_i1,60.04,6,3,3,,120463,odontosyllis_best|TRINITY_DN41284_c6_g1_i1
47,105,odontosyllis_best|TRINITY_DN47034_c9_g1_i4,59.87,21,2,1,Carbamidomethylation,34200,odontosyllis_best|TRINITY_DN47034_c9_g1_i4
26,56,odontosyllis_best|TRINITY_DN46208_c2_g1_i5,59.09,5,4,4,,226398,odontosyllis_best|TRINITY_DN46208_c2_g1_i5
26,57,odontosyllis_best|TRINITY_DN46208_c2_g1_i7,59.09,5,4,4,,226499,odontosyllis_best|TRINITY_DN46208_c2_g1_i7
26,58,odontosyllis_best|TRINITY_DN46208_c2_g1_i9,59.09,5,4,4,,229017,odontosyllis_best|TRINITY_DN46208_c2_g1_i9
26,59,odontosyllis_best|TRINITY_DN46208_c2_g1_i13,59.09,5,4,4,,266077,odontosyllis_best|TRINITY_DN46208_c2_g1_i13
26,60,odontosyllis_best|TRINITY_DN46208_c2_g1_i2,59.09,4,4,4,,275934,odontosyllis_best|TRINITY_DN46208_c2_g1_i2
26,61,odontosyllis_best|TRINITY_DN46208_c2_g1_i4,59.09,4,4,4,,276410,odontosyllis_best|TRINITY_DN46208_c2_g1_i4
26,62,odontosyllis_best|TRINITY_DN46208_c2_g1_i14,59.09,4,4,4,,281902,odontosyllis_best|TRINITY_DN46208_c2_g1_i14
26,63,odontosyllis_best|TRINITY_DN46208_c2_g1_i10,59.09,4,4,4,,284323,odontosyllis_best|TRINITY_DN46208_c2_g1_i10
26,64,odontosyllis_best|TRINITY_DN46208_c2_g1_i11,59.09,4,4,4,,294745,odontosyllis_best|TRINITY_DN46208_c2_g1_i11
26,65,odontosyllis_best|TRINITY_DN46208_c2_g1_i15,59.09,4,4,4,,299944,odontosyllis_best|TRINITY_DN46208_c2_g1_i15
26,66,odontosyllis_best|TRINITY_DN46208_c2_g1_i12,59.09,4,4,4,,302364,odontosyllis_best|TRINITY_DN46208_c2_g1_i12
26,67,odontosyllis_best|TRINITY_DN46208_c2_g1_i8,59.09,4,4,4,,312786,odontosyllis_best|TRINITY_DN46208_c2_g1_i8
27,76,odontosyllis_best|TRINITY_DN46258_c3_g2_i7,58.39,7,3,3,,120116,odontosyllis_best|TRINITY_DN46258_c3_g2_i7
27,77,odontosyllis_best|TRINITY_DN46258_c3_g2_i2,58.39,6,3,3,,155215,odontosyllis_best|TRINITY_DN46258_c3_g2_i2
25,82,odontosyllis_best|TRINITY_DN30152_c0_g1_i1,53.70,5,3,2,,158560,odontosyllis_best|TRINITY_DN30152_c0_g1_i1
34,99,odontosyllis_best|TRINITY_DN41712_c2_g4_i1,52.91,4,2,2,,122991,odontosyllis_best|TRINITY_DN41712_c2_g4_i1
34,100,odontosyllis_best|TRINITY_DN41712_c2_g4_i2,52.91,3,2,2,,169058,odontosyllis_best|TRINITY_DN41712_c2_g4_i2
43,83,odontosyllis_best|TRINITY_DN45771_c3_g1_i2,52.25,3,3,3,,236384,odontosyllis_best|TRINITY_DN45771_c3_g1_i2
24,91,odontosyllis_best|TRINITY_DN10215_c0_g1_i1,52.21,13,2,2,,46373,odontosyllis_best|TRINITY_DN10215_c0_g1_i1
60,103,odontosyllis_best|TRINITY_DN35599_c0_g1_i2,51.98,6,2,2,,108218,odontosyllis_best|TRINITY_DN35599_c0_g1_i2
48,128,odontosyllis_best|TRINITY_DN42463_c6_g1_i1,51.74,2,2,2,,215438,odontosyllis_best|TRINITY_DN42463_c6_g1_i1
56,170,odontosyllis_best|TRINITY_DN44194_c3_g1_i11,51.66,1,1,1,Carbamidomethylation,443050,odontosyllis_best|TRINITY_DN44194_c3_g1_i11
56,171,odontosyllis_best|TRINITY_DN44194_c3_g1_i7,51.66,1,1,1,Carbamidomethylation,444505,odontosyllis_best|TRINITY_DN44194_c3_g1_i7
56,172,odontosyllis_best|TRINITY_DN44194_c3_g1_i3,51.66,1,1,1,Carbamidomethylation,444952,odontosyllis_best|TRINITY_DN44194_c3_g1_i3
56,173,odontosyllis_best|TRINITY_DN44194_c3_g1_i12,51.66,1,1,1,Carbamidomethylation,446407,odontosyllis_best|TRINITY_DN44194_c3_g1_i12
56,174,odontosyllis_best|TRINITY_DN44194_c3_g1_i1,51.66,1,1,1,Carbamidomethylation,446453,odontosyllis_best|TRINITY_DN44194_c3_g1_i1
56,175,odontosyllis_best|TRINITY_DN44194_c3_g1_i6,51.66,1,1,1,Carbamidomethylation,447909,odontosyllis_best|TRINITY_DN44194_c3_g1_i6
56,176,odontosyllis_best|TRINITY_DN44194_c3_g1_i8,51.66,1,1,1,Carbamidomethylation,448355,odontosyllis_best|TRINITY_DN44194_c3_g1_i8
56,177,odontosyllis_best|TRINITY_DN44194_c3_g1_i13,51.66,1,1,1,Carbamidomethylation,449811,odontosyllis_best|TRINITY_DN44194_c3_g1_i13
56,179,odontosyllis_best|TRINITY_DN44194_c3_g1_i4,51.66,1,1,1,Carbamidomethylation,385769,odontosyllis_best|TRINITY_DN44194_c3_g1_i4
56,180,odontosyllis_best|TRINITY_DN44194_c3_g1_i5,51.66,1,1,1,Carbamidomethylation,387271,odontosyllis_best|TRINITY_DN44194_c3_g1_i5
56,181,odontosyllis_best|TRINITY_DN44194_c3_g1_i9,51.66,1,1,1,Carbamidomethylation,387717,odontosyllis_best|TRINITY_DN44194_c3_g1_i9
56,182,odontosyllis_best|TRINITY_DN44194_c3_g1_i10,51.66,1,1,1,Carbamidomethylation,389173,odontosyllis_best|TRINITY_DN44194_c3_g1_i10
32,116,odontosyllis_best|TRINITY_DN44693_c5_g1_i12,51.61,2,2,2,,250702,odontosyllis_best|TRINITY_DN44693_c5_g1_i12
32,117,odontosyllis_best|TRINITY_DN44693_c5_g1_i8,51.61,2,2,2,,318779,odontosyllis_best|TRINITY_DN44693_c5_g1_i8
32,118,odontosyllis_best|TRINITY_DN44693_c5_g1_i9,51.61,2,2,2,,320086,odontosyllis_best|TRINITY_DN44693_c5_g1_i9
32,119,odontosyllis_best|TRINITY_DN44693_c5_g1_i6,51.61,2,2,2,,331401,odontosyllis_best|TRINITY_DN44693_c5_g1_i6
32,120,odontosyllis_best|TRINITY_DN44693_c5_g1_i7,51.61,2,2,2,,332257,odontosyllis_best|TRINITY_DN44693_c5_g1_i7
32,121,odontosyllis_best|TRINITY_DN44693_c5_g1_i11,51.61,2,2,2,,333105,odontosyllis_best|TRINITY_DN44693_c5_g1_i11
32,122,odontosyllis_best|TRINITY_DN44693_c5_g1_i1,51.61,2,2,2,,333135,odontosyllis_best|TRINITY_DN44693_c5_g1_i1
32,123,odontosyllis_best|TRINITY_DN44693_c5_g1_i3,51.61,2,2,2,,338196,odontosyllis_best|TRINITY_DN44693_c5_g1_i3
32,124,odontosyllis_best|TRINITY_DN44693_c5_g1_i4,51.61,2,2,2,,338253,odontosyllis_best|TRINITY_DN44693_c5_g1_i4
32,125,odontosyllis_best|TRINITY_DN44693_c5_g1_i5,51.61,2,2,2,,339201,odontosyllis_best|TRINITY_DN44693_c5_g1_i5
32,126,odontosyllis_best|TRINITY_DN44693_c5_g1_i10,51.61,2,2,2,,339258,odontosyllis_best|TRINITY_DN44693_c5_g1_i10
44,94,odontosyllis_best|TRINITY_DN35781_c0_g1_i1,50.56,9,2,2,,63779,odontosyllis_best|TRINITY_DN35781_c0_g1_i1
66,141,odontosyllis_best|TRINITY_DN41904_c0_g1_i3,49.35,12,2,1,Carbamidomethylation,45715,odontosyllis_best|TRINITY_DN41904_c0_g1_i3
45,97,odontosyllis_best|TRINITY_DN46034_c4_g1_i1,48.57,3,1,1,,67395,odontosyllis_best|TRINITY_DN46034_c4_g1_i1
45,98,odontosyllis_best|TRINITY_DN46034_c4_g1_i2,48.57,2,1,1,,69583,odontosyllis_best|TRINITY_DN46034_c4_g1_i2
53,106,odontosyllis_best|TRINITY_DN40179_c1_g1_i18,48.16,4,2,2,,121176,odontosyllis_best|TRINITY_DN40179_c1_g1_i18
53,107,odontosyllis_best|TRINITY_DN40179_c1_g1_i6,48.16,4,2,2,,123132,odontosyllis_best|TRINITY_DN40179_c1_g1_i6
53,108,odontosyllis_best|TRINITY_DN40179_c1_g1_i3,48.16,4,2,2,,149970,odontosyllis_best|TRINITY_DN40179_c1_g1_i3
53,109,odontosyllis_best|TRINITY_DN40179_c1_g1_i5,48.16,4,2,2,,151214,odontosyllis_best|TRINITY_DN40179_c1_g1_i5
53,110,odontosyllis_best|TRINITY_DN40179_c1_g1_i11,48.16,3,2,2,,151926,odontosyllis_best|TRINITY_DN40179_c1_g1_i11
53,111,odontosyllis_best|TRINITY_DN40179_c1_g1_i12,48.16,3,2,2,,152754,odontosyllis_best|TRINITY_DN40179_c1_g1_i12
53,112,odontosyllis_best|TRINITY_DN40179_c1_g1_i14,48.16,3,2,2,,153171,odontosyllis_best|TRINITY_DN40179_c1_g1_i14
53,113,odontosyllis_best|TRINITY_DN40179_c1_g1_i10,48.16,3,2,2,,154710,odontosyllis_best|TRINITY_DN40179_c1_g1_i10
38,89,odontosyllis_best|TRINITY_DN40311_c4_g1_i2,47.82,2,1,1,,182867,odontosyllis_best|TRINITY_DN40311_c4_g1_i2
38,90,odontosyllis_best|TRINITY_DN40311_c4_g1_i1,47.82,2,1,1,,189382,odontosyllis_best|TRINITY_DN40311_c4_g1_i1
68,185,odontosyllis_best|TRINITY_DN43778_c4_g5_i2,46.53,2,1,1,,114834,odontosyllis_best|TRINITY_DN43778_c4_g5_i2
68,186,odontosyllis_best|TRINITY_DN43778_c4_g5_i1,46.53,2,1,1,,118658,odontosyllis_best|TRINITY_DN43778_c4_g5_i1
35,129,odontosyllis_best|TRINITY_DN42321_c2_g1_i3,43.92,2,2,2,Carbamidomethylation,312664,odontosyllis_best|TRINITY_DN42321_c2_g1_i3
35,130,odontosyllis_best|TRINITY_DN42321_c2_g1_i16,43.92,2,2,2,Carbamidomethylation,312937,odontosyllis_best|TRINITY_DN42321_c2_g1_i16
35,131,odontosyllis_best|TRINITY_DN42321_c2_g1_i19,43.92,2,2,2,Carbamidomethylation,314768,odontosyllis_best|TRINITY_DN42321_c2_g1_i19
35,132,odontosyllis_best|TRINITY_DN42321_c2_g1_i7,43.92,2,2,2,Carbamidomethylation,314883,odontosyllis_best|TRINITY_DN42321_c2_g1_i7
35,133,odontosyllis_best|TRINITY_DN42321_c2_g1_i8,43.92,2,2,2,Carbamidomethylation,314954,odontosyllis_best|TRINITY_DN42321_c2_g1_i8
35,134,odontosyllis_best|TRINITY_DN42321_c2_g1_i1,43.92,2,2,2,Carbamidomethylation,315042,odontosyllis_best|TRINITY_DN42321_c2_g1_i1
35,135,odontosyllis_best|TRINITY_DN42321_c2_g1_i18,43.92,2,2,2,Carbamidomethylation,329076,odontosyllis_best|TRINITY_DN42321_c2_g1_i18
35,136,odontosyllis_best|TRINITY_DN42321_c2_g1_i13,43.92,2,2,2,Carbamidomethylation,329191,odontosyllis_best|TRINITY_DN42321_c2_g1_i13
35,137,odontosyllis_best|TRINITY_DN42321_c2_g1_i15,43.92,2,2,2,Carbamidomethylation,329349,odontosyllis_best|TRINITY_DN42321_c2_g1_i15
35,138,odontosyllis_best|TRINITY_DN42321_c2_g1_i11,43.92,2,2,2,Carbamidomethylation,331180,odontosyllis_best|TRINITY_DN42321_c2_g1_i11
35,139,odontosyllis_best|TRINITY_DN42321_c2_g1_i20,43.92,2,2,2,Carbamidomethylation,331453,odontosyllis_best|TRINITY_DN42321_c2_g1_i20
35,140,odontosyllis_best|TRINITY_DN42321_c2_g1_i4,43.92,2,2,2,Carbamidomethylation,312779,odontosyllis_best|TRINITY_DN42321_c2_g1_i4
33,95,odontosyllis_best|TRINITY_DN42009_c8_g1_i1,42.84,2,2,2,,216174,odontosyllis_best|TRINITY_DN42009_c8_g1_i1
46,101,odontosyllis_best|TRINITY_DN45769_c8_g1_i1,42.09,2,1,1,,191550,odontosyllis_best|TRINITY_DN45769_c8_g1_i1
46,102,odontosyllis_best|TRINITY_DN45769_c8_g1_i2,42.09,2,1,1,,191042,odontosyllis_best|TRINITY_DN45769_c8_g1_i2
30,166,odontosyllis_best|TRINITY_DN41354_c6_g1_i1,41.88,1,1,1,,155299,odontosyllis_best|TRINITY_DN41354_c6_g1_i1
67,151,odontosyllis_best|TRINITY_DN42571_c3_g1_i7,40.43,18,2,1,,20940,odontosyllis_best|TRINITY_DN42571_c3_g1_i7
67,152,odontosyllis_best|TRINITY_DN42571_c3_g1_i11,40.43,14,2,1,,27495,odontosyllis_best|TRINITY_DN42571_c3_g1_i11
67,153,odontosyllis_best|TRINITY_DN42571_c3_g1_i8,40.43,13,2,1,,29930,odontosyllis_best|TRINITY_DN42571_c3_g1_i8
67,154,odontosyllis_best|TRINITY_DN42571_c3_g1_i6,40.43,10,2,1,,40003,odontosyllis_best|TRINITY_DN42571_c3_g1_i6
67,155,odontosyllis_best|TRINITY_DN42588_c0_g3_i1,40.43,10,2,1,,38421,odontosyllis_best|TRINITY_DN42588_c0_g3_i1
67,156,odontosyllis_best|TRINITY_DN78409_c0_g1_i1,40.43,9,2,1,,40081,odontosyllis_best|TRINITY_DN78409_c0_g1_i1
67,157,odontosyllis_best|TRINITY_DN42588_c0_g2_i4,40.43,9,2,1,,43090,odontosyllis_best|TRINITY_DN42588_c0_g2_i4
67,158,odontosyllis_best|TRINITY_DN42588_c0_g2_i1,40.43,8,2,1,,43836,odontosyllis_best|TRINITY_DN42588_c0_g2_i1
67,159,odontosyllis_best|TRINITY_DN42588_c0_g2_i8,40.43,7,2,1,,55012,odontosyllis_best|TRINITY_DN42588_c0_g2_i8
67,160,odontosyllis_best|TRINITY_DN42588_c0_g2_i5,40.43,6,2,1,,59820,odontosyllis_best|TRINITY_DN42588_c0_g2_i5
67,161,odontosyllis_best|TRINITY_DN42588_c0_g2_i2,40.43,6,2,1,,60446,odontosyllis_best|TRINITY_DN42588_c0_g2_i2
67,162,odontosyllis_best|TRINITY_DN42588_c0_g2_i7,40.43,5,2,1,,73499,odontosyllis_best|TRINITY_DN42588_c0_g2_i7
67,163,odontosyllis_best|TRINITY_DN42588_c0_g2_i3,40.43,5,2,1,,78307,odontosyllis_best|TRINITY_DN42588_c0_g2_i3
67,164,odontosyllis_best|TRINITY_DN42588_c0_g2_i6,40.43,5,2,1,,80795,odontosyllis_best|TRINITY_DN42588_c0_g2_i6
61,150,odontosyllis_best|TRINITY_DN39051_c0_g1_i1,40.42,2,1,1,,160043,odontosyllis_best|TRINITY_DN39051_c0_g1_i1
39,183,odontosyllis_best|TRINITY_DN39763_c0_g1_i1,40.35,2,1,1,,118056,odontosyllis_best|TRINITY_DN39763_c0_g1_i1
59,216,odontosyllis_best|TRINITY_DN44885_c3_g2_i1,39.62,1,1,1,,155425,odontosyllis_best|TRINITY_DN44885_c3_g2_i1
54,144,odontosyllis_best|TRINITY_DN46194_c3_g1_i18,39.36,1,2,2,,739566,odontosyllis_best|TRINITY_DN46194_c3_g1_i18
54,145,odontosyllis_best|TRINITY_DN46194_c3_g1_i3,39.36,1,2,2,,745531,odontosyllis_best|TRINITY_DN46194_c3_g1_i3
54,146,odontosyllis_best|TRINITY_DN46194_c3_g1_i1,39.36,1,2,2,,745807,odontosyllis_best|TRINITY_DN46194_c3_g1_i1
54,147,odontosyllis_best|TRINITY_DN46194_c3_g1_i6,39.36,1,2,2,,749412,odontosyllis_best|TRINITY_DN46194_c3_g1_i6
54,148,odontosyllis_best|TRINITY_DN46194_c3_g1_i16,39.36,1,2,2,,756491,odontosyllis_best|TRINITY_DN46194_c3_g1_i16
54,149,odontosyllis_best|TRINITY_DN46194_c3_g1_i2,39.36,1,2,2,,762732,odontosyllis_best|TRINITY_DN46194_c3_g1_i2
69,189,odontosyllis_best|TRINITY_DN46629_c2_g5_i1,39.31,3,1,1,,74128,odontosyllis_best|TRINITY_DN46629_c2_g5_i1
57,184,odontosyllis_best|TRINITY_DN40590_c9_g5_i1,39.14,1,1,1,,180431,odontosyllis_best|TRINITY_DN40590_c9_g5_i1
71,214,odontosyllis_best|TRINITY_DN41266_c9_g1_i2,37.60,2,1,1,,118825,odontosyllis_best|TRINITY_DN41266_c9_g1_i2
133,204,odontosyllis_best|TRINITY_DN41609_c2_g1_i1,35.51,1,1,1,,436010,odontosyllis_best|TRINITY_DN41609_c2_g1_i1
133,205,odontosyllis_best|TRINITY_DN41609_c2_g1_i2,35.51,1,1,1,,438943,odontosyllis_best|TRINITY_DN41609_c2_g1_i2
87,178,odontosyllis_best|TRINITY_DN46493_c5_g3_i3,35.40,3,1,1,,134626,odontosyllis_best|TRINITY_DN46493_c5_g3_i3
50,292,odontosyllis_best|TRINITY_DN72587_c0_g1_i1,35.07,5,1,1,Carbamidomethylation,45665,odontosyllis_best|TRINITY_DN72587_c0_g1_i1
132,203,odontosyllis_best|TRINITY_DN33838_c0_g1_i1,34.21,2,1,1,,127394,odontosyllis_best|TRINITY_DN33838_c0_g1_i1
70,212,odontosyllis_best|TRINITY_DN44144_c3_g2_i4,34.09,1,1,1,,164680,odontosyllis_best|TRINITY_DN44144_c3_g2_i4
70,213,odontosyllis_best|TRINITY_DN44144_c3_g2_i1,34.09,1,1,1,,169351,odontosyllis_best|TRINITY_DN44144_c3_g2_i1
58,201,odontosyllis_best|TRINITY_DN1296_c0_g1_i1,33.33,5,1,1,,55025,odontosyllis_best|TRINITY_DN1296_c0_g1_i1
91,190,odontosyllis_best|TRINITY_DN34158_c0_g1_i1,32.65,2,1,1,,148159,odontosyllis_best|TRINITY_DN34158_c0_g1_i1
134,222,odontosyllis_best|TRINITY_DN46271_c1_g1_i1,31.55,7,1,1,,36882,odontosyllis_best|TRINITY_DN46271_c1_g1_i1
135,234,odontosyllis_best|TRINITY_DN33336_c0_g1_i1,30.35,2,1,1,,126427,odontosyllis_best|TRINITY_DN33336_c0_g1_i1
106,220,odontosyllis_best|TRINITY_DN42970_c2_g1_i1,30.12,2,1,1,,89942,odontosyllis_best|TRINITY_DN42970_c2_g1_i1
106,221,odontosyllis_best|TRINITY_DN42970_c2_g1_i2,30.12,1,1,1,,143257,odontosyllis_best|TRINITY_DN42970_c2_g1_i2
105,219,odontosyllis_best|TRINITY_DN41845_c0_g1_i1,28.76,1,1,1,,513098,odontosyllis_best|TRINITY_DN41845_c0_g1_i1
104,218,odontosyllis_best|TRINITY_DN22362_c0_g1_i1,28.43,4,1,1,,55523,odontosyllis_best|TRINITY_DN22362_c0_g1_i1
92,215,odontosyllis_best|TRINITY_DN40264_c7_g1_i3,28.03,3,1,1,,68861,odontosyllis_best|TRINITY_DN40264_c7_g1_i3
92,217,odontosyllis_best|TRINITY_DN40264_c7_g1_i2,28.03,1,1,1,,172191,odontosyllis_best|TRINITY_DN40264_c7_g1_i2
136,240,odontosyllis_best|TRINITY_DN45919_c5_g3_i1,27.96,9,1,1,,26674,odontosyllis_best|TRINITY_DN45919_c5_g3_i1
136,241,odontosyllis_best|TRINITY_DN45919_c5_g1_i2,27.96,3,1,1,,68238,odontosyllis_best|TRINITY_DN45919_c5_g1_i2
136,242,odontosyllis_best|TRINITY_DN45919_c5_g1_i3,27.96,3,1,1,,81350,odontosyllis_best|TRINITY_DN45919_c5_g1_i3
136,243,odontosyllis_best|TRINITY_DN45919_c5_g1_i4,27.96,2,1,1,,102556,odontosyllis_best|TRINITY_DN45919_c5_g1_i4
137,254,odontosyllis_best|TRINITY_DN71820_c0_g1_i1,26.93,6,1,1,,41299,odontosyllis_best|TRINITY_DN71820_c0_g1_i1
138,261,odontosyllis_best|TRINITY_DN39408_c0_g1_i1,26.02,3,1,1,,71964,odontosyllis_best|TRINITY_DN39408_c0_g1_i1
139,265,odontosyllis_best|TRINITY_DN44002_c3_g3_i5,25.56,3,1,1,,61276,odontosyllis_best|TRINITY_DN44002_c3_g3_i5
139,266,odontosyllis_best|TRINITY_DN44002_c3_g3_i1,25.56,2,1,1,,83007,odontosyllis_best|TRINITY_DN44002_c3_g3_i1
139,267,odontosyllis_best|TRINITY_DN44002_c3_g3_i3,25.56,2,1,1,,82136,odontosyllis_best|TRINITY_DN44002_c3_g3_i3
139,268,odontosyllis_best|TRINITY_DN44002_c3_g3_i6,25.56,2,1,1,,86716,odontosyllis_best|TRINITY_DN44002_c3_g3_i6
139,269,odontosyllis_best|TRINITY_DN44002_c3_g3_i7,25.56,2,1,1,,87587,odontosyllis_best|TRINITY_DN44002_c3_g3_i7
139,271,odontosyllis_best|TRINITY_DN44002_c3_g3_i2,25.56,2,1,1,,113976,odontosyllis_best|TRINITY_DN44002_c3_g3_i2
139,272,odontosyllis_best|TRINITY_DN44002_c3_g3_i4,25.56,2,1,1,,118556,odontosyllis_best|TRINITY_DN44002_c3_g3_i4
93,273,odontosyllis_best|TRINITY_DN43056_c6_g1_i6,25.25,7,1,1,,26114,odontosyllis_best|TRINITY_DN43056_c6_g1_i6
93,274,odontosyllis_best|TRINITY_DN22147_c0_g1_i1,25.25,5,1,1,,37963,odontosyllis_best|TRINITY_DN22147_c0_g1_i1
93,275,odontosyllis_best|TRINITY_DN43056_c6_g1_i4,25.25,3,1,1,,62225,odontosyllis_best|TRINITY_DN43056_c6_g1_i4
93,276,odontosyllis_best|TRINITY_DN43056_c6_g1_i1,25.25,2,1,1,,72374,odontosyllis_best|TRINITY_DN43056_c6_g1_i1
93,277,odontosyllis_best|TRINITY_DN43056_c6_g1_i9,25.25,2,1,1,,82876,odontosyllis_best|TRINITY_DN43056_c6_g1_i9
93,279,odontosyllis_best|TRINITY_DN43056_c6_g1_i12,25.25,1,1,1,,126420,odontosyllis_best|TRINITY_DN43056_c6_g1_i12
93,282,odontosyllis_best|TRINITY_DN43056_c6_g1_i5,25.25,1,1,1,,136502,odontosyllis_best|TRINITY_DN43056_c6_g1_i5
93,291,odontosyllis_best|TRINITY_DN43056_c6_g1_i13,25.25,0,1,1,,650897,odontosyllis_best|TRINITY_DN43056_c6_g1_i13
93,293,odontosyllis_best|TRINITY_DN43056_c6_g1_i2,25.25,0,1,1,,671482,odontosyllis_best|TRINITY_DN43056_c6_g1_i2
93,296,odontosyllis_best|TRINITY_DN43056_c6_g1_i7,25.25,0,1,1,,660979,odontosyllis_best|TRINITY_DN43056_c6_g1_i7
93,297,odontosyllis_best|TRINITY_DN43056_c6_g1_i8,25.25,0,1,1,,661400,odontosyllis_best|TRINITY_DN43056_c6_g1_i8
108,262,odontosyllis_best|TRINITY_DN39840_c9_g1_i2,25.20,4,1,1,,68727,odontosyllis_best|TRINITY_DN39840_c9_g1_i2
108,263,odontosyllis_best|TRINITY_DN39840_c9_g1_i4,25.20,3,1,1,,84423,odontosyllis_best|TRINITY_DN39840_c9_g1_i4
140,270,odontosyllis_best|TRINITY_DN45749_c2_g1_i13,24.64,2,1,1,,138485,odontosyllis_best|TRINITY_DN45749_c2_g1_i13
109,287,odontosyllis_best|TRINITY_DN46679_c2_g2_i3,23.54,1,1,1,,290355,odontosyllis_best|TRINITY_DN46679_c2_g2_i3
109,290,odontosyllis_best|TRINITY_DN46679_c2_g2_i2,23.54,0,1,1,,618516,odontosyllis_best|TRINITY_DN46679_c2_g2_i2
141,286,odontosyllis_best|TRINITY_DN40296_c6_g1_i2,23.21,3,1,1,,68440,odontosyllis_best|TRINITY_DN40296_c6_g1_i2
141,288,odontosyllis_best|TRINITY_DN40296_c6_g1_i4,23.21,2,1,1,,116403,odontosyllis_best|TRINITY_DN40296_c6_g1_i4
115,337,odontosyllis_best|TRINITY_DN43494_c1_g1_i3,22.37,1,1,1,,212685,odontosyllis_best|TRINITY_DN43494_c1_g1_i3
115,338,odontosyllis_best|TRINITY_DN43494_c1_g1_i7,22.37,1,1,1,,212834,odontosyllis_best|TRINITY_DN43494_c1_g1_i7
115,341,odontosyllis_best|TRINITY_DN43494_c1_g1_i1,22.37,1,1,1,,219249,odontosyllis_best|TRINITY_DN43494_c1_g1_i1
115,350,odontosyllis_best|TRINITY_DN43494_c1_g1_i4,22.37,1,1,1,,292963,odontosyllis_best|TRINITY_DN43494_c1_g1_i4
115,351,odontosyllis_best|TRINITY_DN43494_c1_g1_i5,22.37,1,1,1,,293128,odontosyllis_best|TRINITY_DN43494_c1_g1_i5
115,352,odontosyllis_best|TRINITY_DN43494_c1_g1_i8,22.37,1,1,1,,293203,odontosyllis_best|TRINITY_DN43494_c1_g1_i8
115,353,odontosyllis_best|TRINITY_DN43494_c1_g1_i2,22.37,1,1,1,,293368,odontosyllis_best|TRINITY_DN43494_c1_g1_i2
110,307,odontosyllis_best|TRINITY_DN41488_c6_g1_i3,21.67,1,1,1,,175974,odontosyllis_best|TRINITY_DN41488_c6_g1_i3
110,314,odontosyllis_best|TRINITY_DN41488_c6_g1_i8,21.67,1,1,1,,309540,odontosyllis_best|TRINITY_DN41488_c6_g1_i8
110,315,odontosyllis_best|TRINITY_DN41488_c6_g1_i2,21.67,1,1,1,,424527,odontosyllis_best|TRINITY_DN41488_c6_g1_i2
143,321,odontosyllis_best|TRINITY_DN46700_c5_g3_i1,21.27,7,1,1,,24978,odontosyllis_best|TRINITY_DN46700_c5_g3_i1
143,322,odontosyllis_best|TRINITY_DN26682_c0_g1_i1,21.27,7,1,1,,25054,odontosyllis_best|TRINITY_DN26682_c0_g1_i1
143,329,odontosyllis_best|TRINITY_DN45820_c8_g1_i1,21.27,3,1,1,,59856,odontosyllis_best|TRINITY_DN45820_c8_g1_i1
143,331,odontosyllis_best|TRINITY_DN44039_c0_g3_i1,21.27,3,1,1,,65712,odontosyllis_best|TRINITY_DN44039_c0_g3_i1
143,335,odontosyllis_best|TRINITY_DN40666_c1_g8_i5,21.27,2,1,1,,112361,odontosyllis_best|TRINITY_DN40666_c1_g8_i5
146,336,odontosyllis_best|TRINITY_DN43139_c5_g1_i1,21.10,2,1,1,,101332,odontosyllis_best|TRINITY_DN43139_c5_g1_i1
146,340,odontosyllis_best|TRINITY_DN43139_c5_g1_i2,21.10,1,1,1,,123547,odontosyllis_best|TRINITY_DN43139_c5_g1_i2
